,,,,,,,,Team,Team,Team,Team,Team,Team,Team,Team,Team,Team,Team,Team,Team,Team,Team,Team,,Opponent,Opponent,Opponent,Opponent,Opponent,Opponent,Opponent,Opponent,Opponent,Opponent,Opponent,Opponent,Opponent,Opponent,Opponent,Opponent
Rk,G,Date,,Opp,W/L,Tm,Opp,FG,FGA,FG%,3P,3PA,3P%,FT,FTA,FT%,ORB,TRB,AST,STL,BLK,TOV,PF,,FG,FGA,FG%,3P,3PA,3P%,FT,FTA,FT%,ORB,TRB,AST,STL,BLK,TOV,PF
1,1,2018-10-18,@,POR,L,119,128,45,93,.484,7,30,.233,22,29,.759,8,46,23,10,6,15,26,,44,100,.440,13,37,.351,27,29,.931,14,54,21,9,10,16,26
2,2,2018-10-20,,HOU,L,115,124,48,100,.480,8,32,.250,11,18,.611,9,44,28,8,10,10,21,,44,96,.458,16,42,.381,20,30,.667,13,54,22,7,4,16,21
3,3,2018-10-22,,SAS,L,142,143,55,107,.514,14,39,.359,18,26,.692,13,52,33,5,6,15,29,,50,97,.515,15,28,.536,28,38,.737,10,47,32,9,3,9,26
4,4,2018-10-24,@,PHO,W,131,113,52,100,.520,10,28,.357,17,23,.739,11,43,34,13,5,8,19,,44,84,.524,10,31,.323,15,21,.714,9,44,27,4,4,19,23
5,5,2018-10-25,,DEN,W,121,114,46,92,.500,10,29,.345,19,23,.826,9,42,27,13,3,13,19,,46,92,.500,6,23,.261,16,20,.800,10,44,22,8,5,19,22
6,6,2018-10-27,@,SAS,L,106,110,41,86,.477,13,33,.394,11,18,.611,7,42,19,5,5,17,25,,44,91,.484,3,16,.188,19,24,.792,12,49,20,7,5,13,17
7,7,2018-10-29,@,MIN,L,120,124,49,104,.471,12,33,.364,10,15,.667,17,48,24,8,8,18,24,,42,98,.429,14,29,.483,26,30,.867,20,51,26,11,12,14,14
8,8,2018-10-31,,DAL,W,114,113,43,84,.512,10,17,.588,18,24,.750,8,39,23,12,6,20,27,,43,86,.500,13,29,.448,14,19,.737,10,40,24,5,5,23,24
9,9,2018-11-03,@,POR,W,114,110,45,86,.523,8,21,.381,16,25,.640,9,50,20,9,11,20,22,,44,104,.423,6,35,.171,16,22,.727,16,50,20,10,5,14,21
10,10,2018-11-04,,TOR,L,107,121,39,85,.459,6,24,.250,23,29,.793,6,38,25,6,4,16,18,,49,98,.500,10,35,.286,13,14,.929,13,49,32,9,4,12,24
11,11,2018-11-07,,MIN,W,114,110,44,91,.484,15,34,.441,11,14,.786,12,47,32,6,4,16,14,,41,91,.451,20,40,.500,8,9,.889,11,40,22,10,5,15,17
12,12,2018-11-10,@,SAC,W,101,86,41,99,.414,12,38,.316,7,17,.412,17,59,23,11,3,14,20,,32,92,.348,6,25,.240,16,20,.800,13,50,11,7,5,19,20
13,13,2018-11-11,,ATL,W,107,106,39,92,.424,14,38,.368,15,24,.625,17,48,28,12,9,22,23,,41,95,.432,13,37,.351,11,13,.846,10,44,25,11,4,17,23
14,14,2018-11-14,,POR,W,126,117,44,93,.473,15,32,.469,23,26,.885,11,48,25,11,6,13,18,,41,93,.441,14,33,.424,21,23,.913,11,47,24,8,10,14,21
15,15,2018-11-17,@,ORL,L,117,130,43,90,.478,10,30,.333,21,25,.840,8,41,22,5,6,14,20,,50,93,.538,11,32,.344,19,23,.826,11,41,28,5,8,13,23
16,16,2018-11-18,@,MIA,W,113,97,42,95,.442,11,27,.407,18,21,.857,14,50,16,7,5,9,19,,35,87,.402,13,32,.406,14,19,.737,12,48,20,3,5,12,21
17,17,2018-11-21,@,CLE,W,109,105,40,78,.513,9,25,.360,20,28,.714,7,51,23,2,9,15,20,,39,102,.382,13,34,.382,14,15,.933,15,46,18,3,2,3,22
18,18,2018-11-23,,UTA,W,90,83,36,79,.456,7,23,.304,11,18,.611,5,47,10,11,5,23,20,,33,85,.388,4,23,.174,13,17,.765,7,41,22,12,3,19,21
19,19,2018-11-25,,ORL,L,104,108,37,79,.468,10,26,.385,20,31,.645,5,42,22,9,10,18,17,,42,93,.452,11,31,.355,13,14,.929,9,45,31,8,5,13,22
20,20,2018-11-27,@,DEN,L,85,117,34,87,.391,5,35,.143,12,18,.667,8,39,19,5,8,12,19,,47,97,.485,9,25,.360,14,15,.933,16,60,28,7,4,11,17
21,21,2018-11-29,,IND,W,104,96,42,86,.488,7,24,.292,13,23,.565,11,50,25,8,11,18,23,,32,86,.372,10,23,.435,22,27,.815,10,44,23,14,4,17,22
22,22,2018-11-30,,DAL,W,114,103,42,86,.488,9,30,.300,21,32,.656,9,47,23,8,3,17,29,,34,86,.395,10,39,.256,25,34,.735,9,46,20,9,4,16,25
23,23,2018-12-02,,PHO,W,120,96,46,92,.500,11,27,.407,17,23,.739,11,56,26,9,4,19,15,,37,93,.398,13,33,.394,9,11,.818,7,40,24,12,8,15,22
24,24,2018-12-05,,SAS,W,121,113,42,88,.477,14,39,.359,23,33,.697,6,42,21,6,3,12,18,,43,96,.448,7,27,.259,20,20,1.000,11,49,18,8,2,10,24
25,25,2018-12-07,@,SAS,L,120,133,46,100,.460,11,36,.306,17,21,.810,10,43,24,8,1,8,24,,46,91,.505,13,31,.419,28,33,.848,9,48,27,4,7,10,18
26,26,2018-12-08,@,MEM,W,111,88,43,97,.443,16,40,.400,9,12,.750,19,57,27,11,6,18,22,,34,84,.405,6,30,.200,14,18,.778,9,36,17,13,7,15,19
27,27,2018-12-10,,MIA,W,108,105,41,90,.456,14,32,.438,12,20,.600,12,46,24,9,7,12,10,,42,94,.447,11,34,.324,10,13,.769,14,50,29,9,7,17,19
28,28,2018-12-13,@,HOU,L,111,126,43,80,.538,10,32,.313,15,27,.556,7,31,23,9,5,12,21,,42,85,.494,15,34,.441,27,32,.844,15,43,24,8,2,13,24
29,29,2018-12-15,@,CHO,W,128,100,49,92,.533,14,34,.412,16,24,.667,10,52,34,12,6,15,20,,39,92,.424,7,29,.241,15,18,.833,9,38,22,3,6,18,19
30,30,2018-12-16,@,WAS,L,110,128,44,91,.484,11,36,.306,11,18,.611,8,43,24,10,6,22,13,,54,106,.509,13,31,.419,7,10,.700,15,51,30,14,5,17,13
31,31,2018-12-18,@,BRK,L,110,115,42,90,.467,13,40,.325,13,23,.565,8,48,21,6,4,14,19,,44,91,.484,14,34,.412,13,19,.684,4,40,27,5,4,11,18
32,32,2018-12-21,,NOP,W,112,104,43,92,.467,8,32,.250,18,25,.720,8,48,28,7,4,12,17,,44,102,.431,8,27,.296,8,16,.500,14,53,27,8,6,12,24
33,33,2018-12-23,,MEM,L,99,107,37,75,.493,10,30,.333,15,22,.682,6,41,27,6,8,16,16,,42,90,.467,14,26,.538,9,14,.643,9,43,24,9,7,9,20
34,34,2018-12-25,@,GSW,W,127,101,47,85,.553,13,33,.394,20,27,.741,6,49,27,5,3,12,20,,38,93,.409,9,36,.250,16,21,.762,7,37,28,5,1,13,21
35,35,2018-12-27,@,SAC,L,116,117,45,88,.511,10,25,.400,16,23,.696,9,46,25,7,5,17,19,,45,101,.446,10,29,.345,17,21,.810,16,48,25,10,5,14,20
36,36,2018-12-28,,LAC,L,107,118,36,87,.414,11,30,.367,24,35,.686,8,50,23,5,2,17,22,,40,91,.440,6,19,.316,32,34,.941,7,53,21,10,4,12,29
37,37,2018-12-30,,SAC,W,121,114,47,98,.480,15,44,.341,12,20,.600,12,50,30,7,5,14,17,,46,95,.484,13,34,.382,9,12,.750,9,45,24,8,5,13,23
38,38,2019-01-02,,OKC,L,100,107,37,89,.416,7,27,.259,19,32,.594,8,54,24,8,9,17,26,,40,105,.381,7,31,.226,20,31,.645,17,64,22,8,5,11,24
39,39,2019-01-04,,NYK,L,112,119,43,98,.439,11,37,.297,15,20,.750,12,55,23,4,7,16,27,,37,99,.374,11,37,.297,34,41,.829,13,56,20,12,4,6,20
40,40,2019-01-06,@,MIN,L,86,108,32,87,.368,5,22,.227,17,28,.607,12,48,20,6,4,21,20,,41,89,.461,11,32,.344,15,21,.714,8,50,24,10,9,14,27
41,41,2019-01-07,@,DAL,W,107,97,41,94,.436,8,29,.276,17,27,.630,11,44,28,12,2,13,20,,36,86,.419,8,30,.267,17,24,.708,14,52,12,10,7,18,20
42,42,2019-01-09,,DET,W,113,100,46,82,.561,8,23,.348,13,18,.722,9,47,30,5,6,14,17,,39,86,.453,14,44,.318,8,14,.571,7,33,23,8,2,9,20
43,43,2019-01-11,@,UTA,L,95,113,37,103,.359,5,27,.185,16,24,.667,16,55,14,9,5,12,23,,38,96,.396,15,42,.357,22,32,.688,15,65,24,9,9,16,20
44,44,2019-01-13,,CLE,L,95,101,36,91,.396,7,34,.206,16,27,.593,13,51,21,4,5,11,22,,38,89,.427,8,21,.381,17,23,.739,10,52,18,5,2,10,21
45,45,2019-01-15,,CHI,W,107,100,38,82,.463,8,26,.308,23,34,.676,13,51,21,7,4,17,18,,37,92,.402,9,31,.290,17,24,.708,13,46,21,11,6,13,26
46,46,2019-01-17,@,OKC,W,138,128,50,99,.505,19,40,.475,19,21,.905,14,63,37,11,5,23,24,,41,104,.394,22,54,.407,24,36,.667,15,44,31,10,4,15,22
47,47,2019-01-19,@,HOU,L,134,138,50,96,.521,10,37,.270,24,30,.800,13,56,27,6,4,15,27,,42,100,.420,25,68,.368,29,36,.806,12,39,23,9,4,12,27
48,48,2019-01-21,,GSW,L,111,130,42,84,.500,5,20,.250,22,38,.579,7,42,20,1,4,14,19,,50,98,.510,16,37,.432,14,19,.737,13,50,41,8,6,10,27
49,49,2019-01-24,,MIN,L,105,120,44,87,.506,8,28,.286,9,14,.643,9,39,28,5,5,19,23,,44,102,.431,10,33,.303,22,25,.880,22,55,24,8,3,12,15
50,50,2019-01-27,,PHO,W,116,102,47,89,.528,10,23,.435,12,18,.667,14,41,28,8,10,16,30,,34,85,.400,7,26,.269,27,32,.844,15,40,19,8,9,16,20
51,51,2019-01-29,,PHI,L,105,121,43,92,.467,7,23,.304,12,16,.750,14,49,26,7,4,21,20,,42,93,.452,15,36,.417,22,28,.786,12,44,33,15,6,12,15
52,52,2019-01-31,@,LAC,W,123,120,42,92,.457,11,26,.423,28,35,.800,7,56,28,7,4,16,24,,46,104,.442,14,43,.326,14,26,.538,12,51,26,11,8,8,27
53,53,2019-02-02,@,GSW,L,101,115,42,96,.438,7,27,.259,10,17,.588,13,49,23,5,4,15,18,,43,91,.473,11,34,.324,18,19,.947,7,44,31,4,9,10,17
54,54,2019-02-05,@,IND,L,94,136,35,75,.467,4,21,.190,20,26,.769,3,34,25,5,3,19,14,,56,98,.571,19,34,.559,5,8,.625,10,40,37,11,7,10,20
55,55,2019-02-07,@,BOS,W,129,128,50,97,.515,22,41,.537,7,18,.389,10,43,35,5,6,8,19,,46,94,.489,16,38,.421,20,20,1.000,11,48,35,7,5,8,16
56,56,2019-02-10,@,PHI,L,120,143,48,93,.516,10,27,.370,14,19,.737,9,43,31,3,4,16,21,,56,97,.577,12,24,.500,19,22,.864,7,42,33,10,3,7,17
57,57,2019-02-12,@,ATL,L,113,117,41,95,.432,14,40,.350,17,25,.680,10,44,25,10,6,15,24,,40,92,.435,16,42,.381,21,26,.808,6,47,29,8,6,20,24
58,58,2019-02-21,,HOU,W,111,106,38,86,.442,8,30,.267,27,33,.818,12,49,22,4,4,17,17,,40,88,.455,12,41,.293,14,15,.933,4,39,18,8,5,14,28
59,59,2019-02-23,@,NOP,L,115,128,44,81,.543,10,29,.345,17,26,.654,6,39,33,10,3,23,21,,50,96,.521,15,40,.375,13,16,.813,9,41,31,14,4,17,21
60,60,2019-02-25,@,MEM,L,105,110,40,89,.449,10,27,.370,15,20,.750,10,46,25,8,5,17,28,,41,93,.441,9,36,.250,19,23,.826,15,57,20,7,5,14,21
61,61,2019-02-27,,NOP,W,125,119,49,94,.521,8,25,.320,19,31,.613,6,39,37,7,8,8,22,,46,102,.451,7,35,.200,20,27,.741,14,52,31,6,3,13,27
62,62,2019-03-01,,MIL,L,120,131,46,96,.479,13,40,.325,15,18,.833,8,40,29,4,4,9,21,,48,93,.516,14,40,.350,21,24,.875,11,51,30,4,6,11,15
63,63,2019-03-02,@,PHO,L,109,118,43,89,.483,8,25,.320,15,23,.652,10,40,27,3,3,11,24,,39,76,.513,6,26,.231,34,40,.850,9,41,21,7,8,10,22
64,64,2019-03-04,,LAC,L,105,113,38,91,.418,10,38,.263,19,24,.792,7,40,22,2,6,12,21,,41,83,.494,11,29,.379,20,24,.833,8,50,25,7,3,12,22
65,65,2019-03-06,,DEN,L,99,115,40,84,.476,7,31,.226,12,23,.522,5,41,26,5,4,12,22,,45,98,.459,13,42,.310,12,17,.706,18,55,33,6,3,8,17
66,66,2019-03-09,,BOS,L,107,120,44,91,.484,5,27,.185,14,18,.778,8,43,28,4,4,12,16,,48,93,.516,14,38,.368,10,14,.714,6,43,32,6,5,13,17
67,67,2019-03-12,@,CHI,W,123,107,47,86,.547,13,33,.394,16,20,.800,5,41,23,11,5,13,14,,42,91,.462,11,27,.407,12,12,1.000,11,44,23,6,0,16,22
68,68,2019-03-14,@,TOR,L,98,111,38,85,.447,7,31,.226,15,24,.625,6,46,24,11,3,20,21,,36,91,.396,16,41,.390,23,29,.793,13,52,21,15,6,17,20
69,69,2019-03-15,@,DET,L,97,111,36,86,.419,6,25,.240,19,26,.731,11,47,24,9,4,14,26,,37,86,.430,17,39,.436,20,32,.625,16,50,26,5,4,14,19
70,70,2019-03-17,@,NYK,L,123,124,47,97,.485,7,27,.259,22,28,.786,15,35,26,12,5,10,21,,44,76,.579,12,26,.462,24,29,.828,10,45,24,4,5,23,26
71,71,2019-03-19,@,MIL,L,101,115,33,86,.384,16,43,.372,19,23,.826,8,42,20,9,5,19,18,,41,89,.461,15,47,.319,18,27,.667,12,54,25,9,4,17,19
72,72,2019-03-22,,BRK,L,106,111,37,96,.385,9,36,.250,23,32,.719,19,59,21,8,9,16,26,,37,92,.402,16,42,.381,21,28,.750,11,47,21,8,4,13,25
73,73,2019-03-24,,SAC,W,111,106,39,85,.459,13,40,.325,20,24,.833,9,56,29,4,8,20,22,,39,104,.375,14,33,.424,14,23,.609,16,50,27,13,4,7,22
74,74,2019-03-26,,WAS,W,124,106,48,89,.539,11,33,.333,17,23,.739,13,52,37,9,5,18,21,,39,90,.433,6,32,.188,22,27,.815,11,39,21,5,4,17,20
75,75,2019-03-27,@,UTA,L,100,115,37,97,.381,9,27,.333,17,24,.708,8,40,21,9,5,4,23,,41,83,.494,10,32,.313,23,36,.639,8,54,33,4,5,11,18
76,76,2019-03-29,,CHO,W,129,115,51,91,.560,18,38,.474,9,12,.750,11,44,34,8,2,14,17,,42,88,.477,15,39,.385,16,17,.941,8,37,26,8,2,13,14
77,77,2019-03-31,@,NOP,W,130,102,48,101,.475,15,38,.395,19,22,.864,11,46,30,16,5,10,20,,38,83,.458,8,31,.258,18,21,.857,5,45,19,5,1,24,16
78,78,2019-04-02,@,OKC,L,103,119,40,84,.476,16,39,.410,7,10,.700,4,39,26,7,2,21,25,,47,102,.461,13,44,.295,12,20,.600,17,50,33,15,7,12,14
79,79,2019-04-04,,GSW,L,90,108,37,104,.356,8,37,.216,8,14,.571,18,62,25,10,7,18,10,,43,98,.439,18,46,.391,4,5,.800,9,51,30,11,5,14,18
80,80,2019-04-05,@,LAC,W,122,117,43,96,.448,14,32,.438,22,27,.815,14,55,28,8,10,14,24,,40,91,.440,10,29,.345,27,31,.871,7,45,29,7,8,11,22
81,81,2019-04-07,,UTA,W,113,109,46,89,.517,7,25,.280,14,21,.667,16,49,28,5,5,16,21,,38,84,.452,13,42,.310,20,28,.714,10,35,25,11,4,11,17
82,82,2019-04-09,,POR,L,101,104,40,94,.426,10,29,.345,11,17,.647,17,51,29,6,6,17,19,,37,90,.411,11,37,.297,19,22,.864,11,45,18,8,10,12,14
1,1,2017-10-19,,LAC,L,92,108,37,91,.407,4,16,.250,14,23,.609,12,52,21,8,7,19,15,,42,107,.393,12,33,.364,12,13,.923,17,59,23,12,3,14,20
2,2,2017-10-20,@,PHO,W,132,130,48,93,.516,12,26,.462,24,33,.727,5,42,22,8,3,18,31,,45,92,.489,14,29,.483,26,38,.684,10,50,17,8,9,19,25
3,3,2017-10-22,,NOP,L,112,119,44,90,.489,9,27,.333,15,20,.750,9,38,27,7,6,17,24,,47,83,.566,10,32,.313,15,21,.714,6,42,26,14,5,18,20
4,4,2017-10-25,,WAS,W,102,99,41,92,.446,7,30,.233,13,16,.813,6,53,27,9,5,21,26,,39,95,.411,6,26,.231,15,23,.652,7,45,20,11,5,13,19
5,5,2017-10-27,,TOR,L,92,101,36,79,.456,3,23,.130,17,24,.708,9,49,20,7,6,21,22,,40,93,.430,7,29,.241,14,20,.700,9,40,27,12,4,12,24
6,6,2017-10-28,@,UTA,L,81,96,31,81,.383,5,22,.227,14,20,.700,14,39,17,12,4,16,20,,37,79,.468,13,31,.419,9,13,.692,14,49,18,9,5,21,20
7,7,2017-10-31,,DET,W,113,93,45,91,.495,12,26,.462,11,14,.786,11,53,30,9,5,14,14,,41,94,.436,10,33,.303,1,3,.333,10,44,21,7,3,12,11
8,8,2017-11-02,@,POR,L,110,113,43,79,.544,4,18,.222,20,27,.741,2,32,16,8,8,11,20,,40,86,.465,9,22,.409,24,27,.889,10,41,22,7,4,12,21
9,9,2017-11-03,,BRK,W,124,112,48,94,.511,9,21,.429,19,27,.704,7,57,26,10,7,16,29,,37,91,.407,9,38,.237,29,38,.763,8,43,23,8,5,16,22
10,10,2017-11-05,,MEM,W,107,102,40,85,.471,9,27,.333,18,23,.783,8,46,25,5,4,16,16,,40,87,.460,11,37,.297,11,14,.786,6,39,23,6,7,12,22
11,11,2017-11-08,@,BOS,L,96,107,37,85,.435,5,24,.208,17,23,.739,12,48,16,8,8,20,30,,38,98,.388,7,29,.241,24,31,.774,16,48,20,8,6,13,20
12,12,2017-11-09,@,WAS,L,95,111,31,86,.360,3,23,.130,30,41,.732,17,46,17,9,4,19,19,,43,83,.518,7,21,.333,18,20,.900,7,45,20,7,4,19,31
13,13,2017-11-11,@,MIL,L,90,98,31,74,.419,6,22,.273,22,37,.595,8,48,21,7,9,21,22,,35,85,.412,6,23,.261,22,26,.846,9,42,16,11,4,12,27
14,14,2017-11-13,@,PHO,W,100,93,39,92,.424,14,33,.424,8,13,.615,9,53,17,6,6,16,20,,37,95,.389,7,26,.269,12,20,.600,11,54,15,6,4,15,17
15,15,2017-11-15,,PHI,L,109,115,42,109,.385,3,27,.111,22,27,.815,22,57,18,7,6,9,23,,42,86,.488,7,32,.219,24,30,.800,8,52,27,7,15,16,19
16,16,2017-11-17,,PHO,L,113,122,45,91,.495,7,25,.280,16,24,.667,9,49,26,7,10,19,20,,48,103,.466,13,32,.406,13,19,.684,9,44,28,10,5,13,22
17,17,2017-11-19,,DEN,W,127,109,53,100,.530,12,32,.375,9,16,.563,13,46,36,11,5,15,27,,36,84,.429,13,31,.419,24,35,.686,17,47,18,8,8,20,15
18,18,2017-11-21,,CHI,W,103,94,36,90,.400,13,40,.325,18,25,.720,12,53,23,7,6,12,16,,36,94,.383,11,36,.306,11,16,.688,15,54,22,4,4,14,19
19,19,2017-11-22,@,SAC,L,102,113,39,78,.500,15,29,.517,9,15,.600,4,32,27,8,4,17,19,,47,85,.553,10,21,.476,9,14,.643,10,44,26,9,4,17,20
20,20,2017-11-27,@,LAC,L,115,120,44,91,.484,11,30,.367,16,24,.667,12,43,23,10,5,16,29,,41,85,.482,10,28,.357,28,30,.933,10,44,19,7,3,17,22
21,21,2017-11-29,,GSW,L,123,127,47,95,.495,9,24,.375,20,25,.800,7,34,30,12,5,17,23,,47,94,.500,12,30,.400,21,28,.750,12,49,30,10,4,22,19
22,22,2017-12-02,@,DEN,L,100,115,38,86,.442,9,30,.300,15,21,.714,17,52,21,5,2,21,24,,40,87,.460,12,31,.387,23,28,.821,9,39,26,8,6,12,19
23,23,2017-12-03,,HOU,L,95,118,32,84,.381,9,28,.321,22,30,.733,11,45,16,9,6,20,22,,45,90,.500,14,37,.378,14,17,.824,7,43,17,10,4,15,23
24,24,2017-12-07,@,PHI,W,107,104,42,96,.438,11,28,.393,12,24,.500,15,44,22,13,7,11,23,,39,81,.481,10,26,.385,16,21,.762,7,44,29,3,13,18,26
25,25,2017-12-09,@,CHO,W,110,99,43,85,.506,9,27,.333,15,21,.714,6,46,24,7,5,14,21,,41,93,.441,8,25,.320,9,14,.643,9,43,21,7,3,11,21
26,26,2017-12-12,@,NYK,L,109,113,42,102,.412,13,35,.371,12,15,.800,20,52,24,6,6,16,19,,48,101,.475,9,22,.409,8,11,.727,15,49,25,7,7,14,16
27,27,2017-12-14,@,CLE,L,112,121,47,95,.495,9,31,.290,9,14,.643,16,49,33,7,3,18,20,,43,86,.500,15,36,.417,20,25,.800,8,39,32,10,5,14,16
28,28,2017-12-18,,GSW,L,114,116,41,92,.446,10,25,.400,22,35,.629,7,45,23,9,9,12,26,,43,107,.402,11,34,.324,19,21,.905,15,61,25,6,10,14,26
29,29,2017-12-20,@,HOU,W,122,116,40,85,.471,15,35,.429,27,43,.628,10,47,27,8,5,10,25,,37,90,.411,17,42,.405,25,32,.781,12,47,19,7,5,14,30
30,30,2017-12-22,@,GSW,L,106,113,40,94,.426,11,29,.379,15,22,.682,15,46,22,11,5,15,23,,42,85,.494,7,24,.292,22,27,.815,10,42,24,9,13,15,17
31,31,2017-12-23,,POR,L,92,95,36,85,.424,8,25,.320,12,20,.600,11,55,23,8,3,17,22,,39,95,.411,10,25,.400,7,14,.500,9,47,19,7,8,11,15
32,32,2017-12-25,,MIN,L,104,121,40,92,.435,10,30,.333,14,20,.700,13,37,21,10,1,12,16,,49,84,.583,11,32,.344,12,14,.857,7,42,30,9,4,15,13
33,33,2017-12-27,,MEM,L,99,109,35,93,.376,8,28,.286,21,33,.636,22,49,14,5,4,11,26,,35,71,.493,5,21,.238,34,39,.872,5,37,20,3,9,10,20
34,34,2017-12-29,,LAC,L,106,121,46,94,.489,3,19,.158,11,16,.688,11,35,25,7,3,12,22,,42,86,.488,9,32,.281,28,34,.824,15,49,23,7,6,13,21
35,35,2017-12-31,@,HOU,L,142,148,53,105,.505,10,25,.400,26,37,.703,15,54,31,6,4,14,32,,49,106,.462,18,52,.346,32,39,.821,15,43,29,7,9,11,33
36,36,2018-01-01,@,MIN,L,96,114,34,76,.447,8,26,.308,20,29,.690,9,37,18,12,4,24,25,,40,81,.494,7,20,.350,27,30,.900,7,41,26,14,5,17,24
37,37,2018-01-03,,OKC,L,96,133,38,92,.413,11,33,.333,9,15,.600,16,45,24,5,4,17,10,,56,93,.602,14,30,.467,7,9,.778,7,44,36,12,5,9,17
38,38,2018-01-05,,CHO,L,94,108,38,94,.404,9,36,.250,9,12,.750,12,46,24,7,3,16,19,,42,99,.424,12,33,.364,12,16,.750,16,56,26,10,3,14,17
39,39,2018-01-07,,ATL,W,132,113,48,86,.558,16,36,.444,20,25,.800,6,49,32,13,6,18,25,,41,94,.436,12,34,.353,19,23,.826,10,37,22,5,4,15,16
40,40,2018-01-09,,SAC,W,99,86,37,77,.481,12,35,.343,13,21,.619,9,55,30,12,4,25,23,,30,87,.345,8,21,.381,18,27,.667,10,43,15,15,4,16,19
41,41,2018-01-11,,SAS,W,93,81,36,87,.414,13,38,.342,8,14,.571,12,47,22,15,4,15,17,,31,76,.408,8,20,.400,11,15,.733,7,45,21,6,5,20,15
42,42,2018-01-13,@,DAL,W,107,101,43,95,.453,8,26,.308,13,18,.722,11,59,24,4,0,14,31,,34,90,.378,11,43,.256,22,28,.786,4,39,20,5,1,8,17
43,43,2018-01-15,@,MEM,L,114,123,38,96,.396,12,35,.343,26,31,.839,12,44,25,11,8,13,23,,42,82,.512,10,22,.455,29,34,.853,6,48,24,8,8,18,26
44,44,2018-01-17,@,OKC,L,90,114,38,81,.469,10,26,.385,4,4,1.000,6,30,25,9,1,16,15,,46,95,.484,12,35,.343,10,12,.833,21,54,22,10,6,16,14
45,45,2018-01-19,,IND,W,99,86,44,80,.550,9,28,.321,2,14,.143,6,47,26,7,6,14,17,,37,97,.381,2,25,.080,10,13,.769,12,44,15,9,4,9,18
46,46,2018-01-21,,NYK,W,127,107,51,91,.560,10,26,.385,15,21,.714,12,39,31,10,3,6,18,,44,81,.543,12,25,.480,7,10,.700,7,33,32,3,5,17,20
47,47,2018-01-23,,BOS,W,108,107,40,91,.440,7,26,.269,21,36,.583,14,51,18,6,2,10,16,,42,90,.467,15,44,.341,8,10,.800,7,42,22,3,5,11,25
48,48,2018-01-26,@,CHI,W,108,103,41,91,.451,5,24,.208,21,28,.750,10,48,23,6,3,9,23,,35,93,.376,17,36,.472,16,24,.667,16,53,21,3,7,13,25
49,49,2018-01-28,@,TOR,L,111,123,40,91,.440,8,25,.320,23,33,.697,13,44,22,9,4,14,21,,46,92,.500,12,31,.387,19,25,.760,12,53,23,4,4,14,23
50,50,2018-01-31,@,ORL,L,105,127,39,83,.470,4,20,.200,23,30,.767,11,43,18,7,1,16,18,,44,81,.543,18,32,.563,21,29,.724,4,35,28,13,4,14,23
51,51,2018-02-02,@,BRK,W,102,99,39,92,.424,10,26,.385,14,20,.700,18,56,21,5,6,15,18,,37,82,.451,9,29,.310,16,23,.696,5,38,20,7,8,11,18
52,52,2018-02-04,@,OKC,W,108,104,42,86,.488,13,30,.433,11,18,.611,8,40,24,6,7,19,20,,40,89,.449,7,25,.280,17,25,.680,13,46,17,13,6,17,18
53,53,2018-02-06,,PHO,W,112,93,39,83,.470,11,26,.423,23,26,.885,12,56,19,7,7,14,21,,36,94,.383,8,29,.276,13,23,.565,16,48,24,4,4,11,18
54,54,2018-02-08,,OKC,W,106,81,42,96,.438,10,31,.323,12,13,.923,13,51,28,5,7,8,19,,32,90,.356,8,34,.235,9,19,.474,17,50,16,6,4,13,11
55,55,2018-02-10,@,DAL,L,123,130,46,84,.548,16,34,.471,15,22,.682,9,37,29,7,0,17,25,,48,89,.539,12,27,.444,22,27,.815,10,40,32,8,3,9,21
56,56,2018-02-14,@,NOP,L,117,139,46,90,.511,10,22,.455,15,18,.833,7,37,26,5,3,20,21,,53,99,.535,14,32,.438,19,21,.905,12,48,35,13,7,11,20
57,57,2018-02-15,@,MIN,L,111,119,43,94,.457,7,31,.226,18,26,.692,11,46,19,6,4,13,26,,42,90,.467,6,24,.250,29,31,.935,11,46,23,5,10,10,22
58,58,2018-02-23,,DAL,W,124,102,48,93,.516,13,33,.394,15,20,.750,13,62,32,8,6,16,17,,37,91,.407,19,42,.452,9,11,.818,3,29,25,9,8,11,19
59,59,2018-02-24,@,SAC,W,113,108,41,91,.451,17,38,.447,14,20,.700,12,44,26,5,6,10,18,,42,94,.447,13,25,.520,11,17,.647,17,48,28,5,5,11,21
60,60,2018-02-26,@,ATL,W,123,104,47,90,.522,15,33,.455,14,19,.737,10,59,28,8,6,23,23,,36,96,.375,8,36,.222,24,34,.706,8,41,21,14,3,11,17
61,61,2018-03-01,@,MIA,W,131,113,47,79,.595,16,29,.552,21,26,.808,6,36,29,9,5,13,17,,46,95,.484,9,31,.290,12,16,.750,14,40,23,6,5,11,21
62,62,2018-03-03,@,SAS,W,116,112,40,92,.435,15,34,.441,21,27,.778,10,46,26,10,4,15,21,,44,98,.449,7,30,.233,17,20,.850,12,50,28,10,5,16,19
63,63,2018-03-05,,POR,L,103,108,34,87,.391,11,37,.297,24,31,.774,7,47,20,9,7,10,24,,35,83,.422,10,23,.435,28,38,.737,7,50,19,6,5,14,25
64,64,2018-03-07,,ORL,W,108,107,43,88,.489,11,33,.333,11,12,.917,7,39,27,7,3,14,16,,42,84,.500,12,28,.429,11,19,.579,8,43,31,5,4,16,22
65,65,2018-03-09,@,DEN,L,116,125,45,92,.489,14,35,.400,12,16,.750,12,44,25,8,6,15,23,,42,83,.506,15,31,.484,26,30,.867,7,36,30,10,6,12,16
66,66,2018-03-11,,CLE,W,127,113,48,96,.500,13,34,.382,18,20,.900,14,51,30,9,4,13,19,,41,88,.466,12,31,.387,19,23,.826,7,37,22,4,5,12,18
67,67,2018-03-13,,DEN,W,112,103,40,90,.444,15,40,.375,17,25,.680,12,52,20,6,3,15,23,,38,86,.442,13,40,.325,14,19,.737,5,44,26,12,4,19,26
68,68,2018-03-14,@,GSW,L,106,117,38,84,.452,12,38,.316,18,28,.643,7,35,24,11,8,14,19,,44,81,.543,6,20,.300,23,28,.821,11,50,25,8,6,21,24
69,69,2018-03-16,,MIA,L,91,92,32,76,.421,9,19,.474,18,22,.818,7,49,22,5,4,20,17,,36,94,.383,10,36,.278,10,14,.714,12,43,23,14,6,11,18
70,70,2018-03-19,@,IND,L,100,110,38,86,.442,8,33,.242,16,23,.696,14,47,20,4,3,13,18,,43,87,.494,6,21,.286,18,19,.947,9,44,24,9,8,6,16
71,71,2018-03-22,@,NOP,L,125,128,43,87,.494,17,39,.436,22,28,.786,7,40,19,4,3,16,20,,52,95,.547,6,24,.250,18,22,.818,8,42,28,13,4,9,19
72,72,2018-03-24,@,MEM,W,100,93,35,86,.407,13,38,.342,17,25,.680,11,44,19,7,2,11,20,,35,84,.417,5,29,.172,18,22,.818,11,43,20,7,6,10,21
73,73,2018-03-26,@,DET,L,106,112,40,85,.471,6,23,.261,20,25,.800,6,47,29,3,7,10,20,,44,100,.440,13,33,.394,11,15,.733,10,50,21,4,2,7,26
74,74,2018-03-28,,DAL,W,103,93,36,77,.468,9,33,.273,22,32,.688,7,49,25,6,5,15,16,,33,84,.393,13,44,.295,14,19,.737,6,40,17,10,1,10,22
75,75,2018-03-30,,MIL,L,122,124,48,94,.511,8,27,.296,18,25,.720,15,56,33,5,3,18,23,,45,94,.479,11,29,.379,23,28,.821,8,39,24,14,6,12,25
76,76,2018-04-01,,SAC,L,83,84,30,75,.400,7,32,.219,16,25,.640,10,47,18,5,6,14,15,,35,92,.380,7,24,.292,7,14,.500,13,47,17,9,5,10,20
77,77,2018-04-03,@,UTA,L,110,117,36,74,.486,14,28,.500,24,36,.667,7,39,23,7,5,16,23,,43,89,.483,14,33,.424,17,27,.630,14,47,29,10,5,14,22
78,78,2018-04-04,,SAS,W,122,112,47,86,.547,13,24,.542,15,18,.833,4,44,32,4,3,13,22,,42,97,.433,9,23,.391,19,27,.704,15,46,25,7,5,10,20
79,79,2018-04-06,,MIN,L,96,113,31,79,.392,8,24,.333,26,32,.813,13,53,16,3,2,20,21,,43,100,.430,8,26,.308,19,26,.731,18,48,25,14,8,5,24
80,80,2018-04-08,,UTA,L,97,112,37,93,.398,5,25,.200,18,22,.818,12,44,20,8,4,12,22,,42,83,.506,13,36,.361,15,22,.682,7,45,35,8,4,18,24
81,81,2018-04-10,,HOU,L,99,105,38,90,.422,10,36,.278,13,15,.867,9,47,22,14,4,17,19,,37,88,.420,16,47,.340,15,16,.938,8,49,19,9,5,18,19
82,82,2018-04-11,@,LAC,W,115,100,42,88,.477,17,39,.436,14,16,.875,10,49,25,8,6,17,23,,41,83,.494,6,18,.333,12,28,.429,8,41,27,8,1,17,17
1,1,2016-10-26,,HOU,W,120,114,45,89,.506,12,35,.343,18,22,.818,11,39,21,10,4,15,24,,44,86,.512,7,29,.241,19,27,.704,10,39,29,10,1,14,23
2,2,2016-10-28,@,UTA,L,89,96,32,84,.381,9,23,.391,16,21,.762,11,43,16,6,7,14,29,,31,75,.413,6,25,.240,28,40,.700,13,47,14,4,7,14,18
3,3,2016-10-30,@,OKC,L,96,113,35,87,.402,7,32,.219,19,24,.792,11,41,20,15,2,21,18,,45,95,.474,9,26,.346,14,17,.824,10,45,29,15,6,19,22
4,4,2016-11-01,@,IND,L,108,115,40,89,.449,6,28,.214,22,25,.880,11,44,14,8,2,19,25,,41,87,.471,10,28,.357,23,29,.793,11,43,19,10,8,15,20
5,5,2016-11-02,@,ATL,W,123,116,48,90,.533,9,22,.409,18,20,.900,11,42,24,11,9,15,25,,41,85,.482,11,32,.344,23,29,.793,10,37,30,10,1,18,19
6,6,2016-11-04,,GSW,W,117,97,45,95,.474,8,30,.267,19,21,.905,16,51,26,9,5,16,19,,39,86,.453,5,32,.156,14,20,.700,9,40,26,13,3,20,13
7,7,2016-11-06,,PHO,W,119,108,41,90,.456,10,23,.435,27,35,.771,15,53,22,8,5,19,22,,40,91,.440,6,20,.300,22,28,.786,11,40,20,8,2,17,30
8,8,2016-11-08,,DAL,L,97,109,38,78,.487,10,26,.385,11,14,.786,8,37,20,6,1,16,19,,43,82,.524,10,23,.435,13,15,.867,8,37,24,11,4,11,12
9,9,2016-11-10,@,SAC,W,101,91,38,74,.514,9,27,.333,16,22,.727,4,42,18,8,2,21,19,,34,85,.400,8,21,.381,15,20,.750,11,43,18,13,3,15,19
10,10,2016-11-12,@,NOP,W,126,99,52,94,.553,16,30,.533,6,7,.857,10,47,36,8,5,10,17,,39,90,.433,6,20,.300,15,19,.789,12,42,20,4,5,10,10
11,11,2016-11-13,@,MIN,L,99,125,33,71,.465,8,24,.333,25,30,.833,5,39,16,6,5,17,31,,42,80,.525,13,27,.481,28,42,.667,9,44,28,10,4,10,19
12,12,2016-11-15,,BRK,W,125,118,41,92,.446,9,28,.321,34,43,.791,14,55,24,9,2,11,17,,45,99,.455,12,41,.293,16,20,.800,9,47,23,8,6,14,27
13,13,2016-11-18,,SAS,L,107,116,39,87,.448,12,25,.480,17,21,.810,15,45,24,6,1,13,21,,44,78,.564,10,24,.417,18,19,.947,3,34,30,8,6,12,18
14,14,2016-11-20,,CHI,L,110,118,41,93,.441,13,31,.419,15,21,.714,10,37,26,11,3,10,19,,45,87,.517,8,22,.364,20,28,.714,16,56,27,6,3,16,16
15,15,2016-11-22,,OKC,W,111,109,42,83,.506,14,27,.519,13,16,.813,6,35,25,8,7,17,17,,45,92,.489,11,27,.407,8,11,.727,11,40,29,11,6,15,14
16,16,2016-11-23,@,GSW,L,106,149,40,93,.430,8,20,.400,18,22,.818,7,37,22,5,1,11,25,,53,86,.616,19,36,.528,24,35,.686,6,48,47,7,5,10,20
17,17,2016-11-25,,GSW,L,85,109,32,90,.356,5,22,.227,16,23,.696,14,45,20,12,3,18,16,,43,83,.518,11,28,.393,12,17,.706,4,44,31,10,10,17,21
18,18,2016-11-27,,ATL,W,109,94,42,95,.442,8,20,.400,17,20,.850,15,53,20,7,2,9,15,,39,88,.443,12,35,.343,4,10,.400,7,38,25,5,6,12,19
19,19,2016-11-29,@,NOP,L,88,105,37,87,.425,5,30,.167,9,18,.500,9,47,26,8,5,12,17,,38,88,.432,8,31,.258,21,25,.840,13,54,24,10,3,8,17
20,20,2016-11-30,@,CHI,W,96,90,33,81,.407,2,8,.250,28,41,.683,18,60,17,12,3,23,24,,32,91,.352,4,21,.190,22,29,.759,14,46,22,15,11,14,26
21,21,2016-12-02,@,TOR,L,80,113,32,93,.344,6,26,.231,10,17,.588,19,46,16,6,2,16,18,,45,83,.542,12,29,.414,11,13,.846,7,44,25,8,5,10,18
22,22,2016-12-03,@,MEM,L,100,103,35,81,.432,7,21,.333,23,29,.793,14,44,16,7,4,18,18,,41,88,.466,10,30,.333,11,15,.733,14,43,32,13,7,11,19
23,23,2016-12-05,,UTA,L,101,107,39,87,.448,5,14,.357,18,23,.783,15,43,15,8,1,10,23,,38,80,.475,13,32,.406,18,29,.621,11,39,26,5,7,12,18
24,24,2016-12-07,@,HOU,L,95,134,34,87,.391,5,20,.250,22,27,.815,14,39,14,13,4,27,22,,51,94,.543,15,36,.417,17,21,.810,15,52,35,20,2,20,22
25,25,2016-12-09,,PHO,L,115,119,40,87,.460,9,26,.346,26,34,.765,10,49,18,4,2,15,21,,45,95,.474,13,30,.433,16,21,.762,9,44,26,8,8,7,24
26,26,2016-12-11,,NYK,L,112,118,42,88,.477,10,28,.357,18,22,.818,9,41,26,7,1,14,22,,41,84,.488,10,22,.455,26,31,.839,8,44,21,9,11,10,15
27,27,2016-12-12,@,SAC,L,92,116,33,84,.393,10,23,.435,16,21,.762,17,39,18,12,3,19,16,,47,84,.560,10,23,.435,12,21,.571,13,47,23,16,6,21,20
28,28,2016-12-14,@,BRK,L,97,107,35,91,.385,6,27,.222,21,34,.618,18,49,11,8,6,10,26,,33,86,.384,11,35,.314,30,40,.750,19,61,19,7,4,15,26
29,29,2016-12-16,@,PHI,W,100,89,36,79,.456,9,30,.300,19,22,.864,8,46,19,10,4,20,21,,32,88,.364,6,31,.194,19,24,.792,16,48,22,7,4,17,17
30,30,2016-12-17,@,CLE,L,108,119,41,86,.477,16,37,.432,10,13,.769,10,41,30,3,2,11,16,,46,89,.517,15,33,.455,12,18,.667,11,44,30,8,3,8,12
31,31,2016-12-20,@,CHO,L,113,117,44,90,.489,16,33,.485,9,11,.818,10,40,29,5,12,12,20,,43,94,.457,11,25,.440,20,24,.833,16,44,30,5,2,10,13
32,32,2016-12-22,@,MIA,L,107,115,40,90,.444,14,38,.368,13,15,.867,9,40,18,7,2,13,14,,45,84,.536,11,22,.500,14,21,.667,10,47,25,7,6,12,15
33,33,2016-12-23,@,ORL,L,90,109,31,87,.356,8,23,.348,20,24,.833,12,46,16,8,6,16,14,,45,89,.506,11,27,.407,8,14,.571,7,47,25,10,11,14,20
34,34,2016-12-25,,LAC,W,111,102,40,84,.476,8,25,.320,23,30,.767,13,48,18,7,3,13,21,,37,85,.435,10,29,.345,18,22,.818,10,42,24,9,5,15,20
35,35,2016-12-27,,UTA,L,100,102,39,83,.470,4,16,.250,18,22,.818,15,40,19,8,3,14,21,,38,75,.507,9,26,.346,17,24,.708,14,39,19,6,4,19,18
36,36,2016-12-29,,DAL,L,89,101,32,68,.471,7,19,.368,18,25,.720,7,34,15,8,1,15,18,,38,77,.494,14,31,.452,11,14,.786,10,42,24,8,2,15,17
37,37,2017-01-01,,TOR,L,114,123,37,92,.402,15,32,.469,25,31,.806,16,43,19,8,3,7,21,,42,75,.560,10,17,.588,29,32,.906,5,40,18,5,9,16,25
38,38,2017-01-03,,MEM,W,116,102,42,82,.512,17,33,.515,15,28,.536,9,43,34,5,2,9,23,,30,77,.390,10,31,.323,32,35,.914,5,39,18,6,1,10,16
39,39,2017-01-05,@,POR,L,109,118,36,86,.419,10,31,.323,27,33,.818,10,40,15,7,3,11,25,,43,81,.531,12,33,.364,20,30,.667,8,47,29,6,5,13,21
40,40,2017-01-06,,MIA,W,127,100,48,96,.500,10,28,.357,21,29,.724,18,62,22,6,2,11,22,,38,92,.413,8,32,.250,16,27,.593,11,41,17,5,7,10,23
41,41,2017-01-08,,ORL,W,111,95,42,87,.483,8,32,.250,19,24,.792,6,47,23,8,5,13,21,,34,90,.378,7,26,.269,20,29,.690,18,54,24,5,3,18,20
42,42,2017-01-10,,POR,L,87,108,32,83,.386,9,24,.375,14,26,.538,9,38,18,7,5,10,18,,43,85,.506,7,21,.333,15,20,.750,9,50,25,6,9,11,21
43,43,2017-01-12,@,SAS,L,94,134,35,85,.412,6,20,.300,18,25,.720,9,29,23,6,3,9,25,,49,81,.605,10,21,.476,26,29,.897,7,46,32,5,5,12,20
44,44,2017-01-14,@,LAC,L,97,113,36,80,.450,10,21,.476,15,27,.556,6,40,21,3,2,14,20,,48,92,.522,10,28,.357,7,8,.875,7,42,28,6,6,7,24
45,45,2017-01-15,,DET,L,97,102,36,83,.434,6,26,.231,19,24,.792,9,50,19,2,4,14,18,,41,95,.432,9,25,.360,11,16,.688,10,46,24,6,6,7,22
46,46,2017-01-17,,DEN,L,121,127,47,108,.435,11,30,.367,16,18,.889,20,43,28,11,5,12,21,,50,88,.568,11,26,.423,16,26,.615,13,45,29,5,9,17,17
47,47,2017-01-20,,IND,W,108,95,41,87,.471,14,33,.424,12,15,.800,16,51,27,15,3,23,20,,34,80,.425,9,23,.391,18,25,.720,8,37,24,17,6,20,12
48,48,2017-01-22,@,DAL,L,73,122,28,73,.384,3,21,.143,14,17,.824,5,32,11,3,4,17,20,,43,87,.494,17,39,.436,19,19,1.000,13,49,27,9,4,10,15
49,49,2017-01-25,@,POR,L,98,105,37,94,.394,11,30,.367,13,14,.929,14,51,16,5,9,13,17,,43,90,.478,4,15,.267,15,20,.750,9,49,17,5,4,11,12
50,50,2017-01-26,@,UTA,L,88,96,36,84,.429,4,14,.286,12,13,.923,10,48,13,5,2,12,24,,33,81,.407,6,26,.231,24,28,.857,10,44,13,7,6,8,10
51,51,2017-01-31,,DEN,W,120,116,47,89,.528,12,26,.462,14,18,.778,10,44,25,7,10,15,16,,41,99,.414,15,27,.556,19,23,.826,20,51,26,12,5,11,18
52,52,2017-02-02,@,WAS,L,108,116,40,87,.460,12,39,.308,16,22,.727,12,47,19,6,8,20,23,,44,96,.458,12,33,.364,16,21,.762,12,45,27,11,6,10,19
53,53,2017-02-03,@,BOS,L,107,113,37,94,.394,14,38,.368,19,26,.731,15,52,24,9,3,12,23,,39,82,.476,13,35,.371,22,28,.786,7,47,28,8,1,16,19
54,54,2017-02-06,@,NYK,W,121,107,44,102,.431,8,28,.286,25,31,.806,20,55,19,9,5,7,28,,37,82,.451,7,21,.333,26,33,.788,6,40,16,4,4,16,24
55,55,2017-02-08,@,DET,L,102,121,37,86,.430,6,23,.261,22,26,.846,7,41,21,7,3,21,21,,51,97,.526,4,16,.250,15,24,.625,14,52,32,11,6,14,14
56,56,2017-02-10,@,MIL,W,122,114,39,75,.520,15,31,.484,29,35,.829,6,33,25,9,3,17,24,,40,76,.526,8,28,.286,26,31,.839,4,34,27,11,5,20,29
57,57,2017-02-14,,SAC,L,96,97,38,83,.458,12,29,.414,8,15,.533,13,43,22,10,3,17,21,,36,73,.493,7,24,.292,18,25,.720,7,38,23,9,3,17,12
58,58,2017-02-15,@,PHO,L,101,137,35,93,.376,9,26,.346,22,28,.786,7,36,16,9,3,12,27,,49,88,.557,10,24,.417,29,34,.853,12,59,32,7,10,15,20
59,59,2017-02-24,@,OKC,L,93,110,40,101,.396,7,35,.200,6,14,.429,15,51,23,15,8,13,19,,44,97,.454,10,24,.417,12,17,.706,14,59,28,9,6,17,14
60,60,2017-02-26,,SAS,L,98,119,40,87,.460,7,22,.318,11,18,.611,13,44,16,8,2,18,18,,49,94,.521,10,21,.476,11,13,.846,13,46,37,12,5,12,15
61,61,2017-02-28,,CHO,L,104,109,41,84,.488,12,32,.375,10,13,.769,6,39,22,9,5,14,23,,38,85,.447,16,39,.410,17,24,.708,11,45,25,3,5,12,11
62,62,2017-03-03,,BOS,L,95,115,37,87,.425,6,24,.250,15,20,.750,6,34,23,11,7,14,21,,43,84,.512,10,33,.303,19,25,.760,6,46,30,7,2,18,17
63,63,2017-03-05,,NOP,L,97,105,38,83,.458,10,28,.357,11,15,.733,11,49,22,7,5,25,24,,36,89,.404,9,24,.375,24,35,.686,13,44,23,12,5,13,12
64,64,2017-03-07,@,DAL,L,111,122,42,90,.467,11,30,.367,16,22,.727,11,44,25,9,3,11,20,,45,83,.542,17,31,.548,15,19,.789,6,41,25,5,5,14,17
65,65,2017-03-09,@,PHO,W,122,110,47,98,.480,12,27,.444,16,24,.667,14,42,21,11,7,9,20,,42,91,.462,6,19,.316,20,25,.800,18,54,20,7,10,19,24
66,66,2017-03-12,,PHI,L,116,118,44,88,.500,4,20,.200,24,28,.857,7,40,24,10,10,15,21,,41,79,.519,10,24,.417,26,32,.813,4,34,28,8,4,16,24
67,67,2017-03-13,@,DEN,L,101,129,42,97,.433,6,20,.300,11,19,.579,16,46,17,10,3,16,21,,45,84,.536,17,38,.447,22,25,.880,6,42,36,9,7,15,18
68,68,2017-03-15,@,HOU,L,100,139,42,91,.462,3,25,.120,13,18,.722,9,38,16,10,0,22,25,,50,91,.549,18,43,.419,21,32,.656,13,50,37,13,4,19,21
69,69,2017-03-17,,MIL,L,103,107,38,84,.452,11,29,.379,16,26,.615,11,40,24,7,4,14,20,,40,82,.488,4,24,.167,23,30,.767,10,43,22,7,9,14,25
70,70,2017-03-19,,CLE,L,120,125,47,91,.516,11,27,.407,15,19,.789,10,40,23,5,1,5,25,,45,85,.529,13,36,.361,22,27,.815,10,44,19,4,2,10,16
71,71,2017-03-21,,LAC,L,109,133,43,92,.467,6,20,.300,17,27,.630,14,41,23,8,3,8,22,,45,84,.536,15,33,.455,28,32,.875,13,48,23,4,4,15,21
72,72,2017-03-24,,MIN,W,130,119,46,88,.523,14,23,.609,24,28,.857,9,42,26,6,2,20,23,,46,95,.484,7,21,.333,20,22,.909,12,37,32,13,10,13,20
73,73,2017-03-26,,POR,L,81,97,33,84,.393,5,21,.238,10,17,.588,1,42,19,6,3,10,17,,36,89,.404,12,28,.429,13,18,.722,12,61,24,8,4,13,16
74,74,2017-03-28,,WAS,L,108,119,43,85,.506,8,22,.364,14,16,.875,11,43,21,6,9,18,19,,48,94,.511,6,23,.261,17,25,.680,13,41,24,12,3,12,20
75,75,2017-03-30,@,MIN,L,104,119,40,84,.476,9,27,.333,15,16,.938,14,42,20,4,5,16,22,,43,89,.483,10,21,.476,23,30,.767,14,40,30,9,5,10,20
76,76,2017-04-01,@,LAC,L,104,115,39,90,.433,6,23,.261,20,30,.667,15,41,26,12,2,11,27,,38,69,.551,11,25,.440,28,34,.824,4,39,24,8,5,17,19
77,77,2017-04-02,,MEM,W,108,103,40,85,.471,7,19,.368,21,27,.778,17,51,14,11,2,13,12,,40,80,.500,13,30,.433,10,14,.714,5,33,29,8,5,14,19
78,78,2017-04-05,@,SAS,W,102,95,42,86,.488,7,14,.500,11,14,.786,8,47,23,8,5,16,13,,39,89,.438,13,35,.371,4,6,.667,7,37,28,8,8,14,13
79,79,2017-04-07,,SAC,W,98,94,38,86,.442,4,24,.167,18,25,.720,16,41,20,12,1,14,15,,38,75,.507,8,20,.400,10,13,.769,10,40,27,5,6,23,19
80,80,2017-04-09,,MIN,W,110,109,42,86,.488,10,27,.370,16,20,.800,12,40,26,10,8,16,23,,40,80,.500,3,15,.200,26,31,.839,8,41,27,8,6,14,16
81,81,2017-04-11,,NOP,W,108,96,42,88,.477,8,22,.364,16,23,.696,8,47,24,15,3,11,18,,37,79,.468,7,22,.318,15,20,.750,5,39,29,5,5,16,16
82,82,2017-04-12,@,GSW,L,94,109,41,93,.441,4,17,.235,8,14,.571,11,40,23,13,2,18,22,,41,90,.456,12,36,.333,15,22,.682,14,54,26,14,8,20,17
1,1,2015-10-28,,MIN,L,111,112,35,90,.389,9,34,.265,32,35,.914,12,48,18,2,4,13,29,,38,83,.458,5,20,.250,31,37,.838,6,39,24,3,4,8,26
2,2,2015-10-30,@,SAC,L,114,132,41,89,.461,11,34,.324,21,27,.778,8,37,20,7,9,19,24,,52,101,.515,6,22,.273,22,30,.733,16,56,26,6,7,14,23
3,3,2015-11-01,,DAL,L,93,103,31,85,.365,10,34,.294,21,28,.750,8,42,18,8,9,12,20,,40,87,.460,11,30,.367,12,16,.750,8,49,28,5,4,11,22
4,4,2015-11-03,,DEN,L,109,120,36,86,.419,6,26,.231,31,38,.816,11,40,18,9,4,10,28,,43,85,.506,7,20,.350,27,31,.871,11,49,30,5,7,14,23
5,5,2015-11-06,@,BRK,W,104,98,33,78,.423,7,23,.304,31,40,.775,5,40,14,9,6,15,22,,40,93,.430,3,19,.158,15,20,.750,14,46,21,6,6,15,29
6,6,2015-11-08,@,NYK,L,95,99,36,94,.383,9,27,.333,14,23,.609,12,46,19,7,3,9,20,,33,84,.393,9,27,.333,24,29,.828,10,52,22,5,5,9,15
7,7,2015-11-10,@,MIA,L,88,101,34,77,.442,11,22,.500,9,12,.750,5,36,21,7,7,17,21,,38,84,.452,5,20,.250,20,27,.741,15,47,23,7,7,10,12
8,8,2015-11-11,@,ORL,L,99,101,39,79,.494,7,22,.318,14,18,.778,7,43,25,5,7,13,11,,40,100,.400,13,28,.464,8,12,.667,23,54,22,7,4,8,19
9,9,2015-11-13,@,DAL,L,82,90,29,88,.330,9,27,.333,15,18,.833,15,57,18,10,7,20,27,,30,82,.366,7,27,.259,23,29,.793,7,48,19,9,4,15,15
10,10,2015-11-15,,DET,W,97,85,31,75,.413,6,19,.316,29,39,.744,7,46,24,5,5,16,19,,35,96,.365,7,27,.259,8,15,.533,12,46,16,7,2,10,25
11,11,2015-11-16,@,PHO,L,101,120,37,77,.481,9,20,.450,18,20,.900,7,37,12,5,2,16,23,,45,93,.484,11,30,.367,19,25,.760,18,50,23,13,6,10,16
12,12,2015-11-20,,TOR,L,91,102,35,77,.455,8,25,.320,13,17,.765,9,41,21,8,4,15,18,,34,78,.436,15,33,.455,19,24,.792,12,41,21,7,3,12,15
13,13,2015-11-22,,POR,L,93,107,32,88,.364,6,18,.333,23,27,.852,15,51,17,2,6,10,12,,43,87,.494,8,25,.320,13,17,.765,7,43,27,7,8,10,18
14,14,2015-11-24,@,GSW,L,77,111,31,83,.373,3,21,.143,12,16,.750,8,45,16,8,2,14,15,,45,92,.489,12,35,.343,9,15,.600,12,48,32,9,6,8,13
15,15,2015-11-28,@,POR,L,96,108,36,82,.439,7,23,.304,17,23,.739,6,33,20,12,2,9,19,,38,78,.487,12,30,.400,20,26,.769,12,46,24,5,2,16,16
16,16,2015-11-29,,IND,L,103,107,38,99,.384,11,33,.333,16,22,.727,15,54,17,6,5,10,27,,34,83,.410,9,27,.333,30,37,.811,9,50,17,4,5,15,18
17,17,2015-12-01,@,PHI,L,91,103,33,89,.371,8,34,.235,17,24,.708,12,46,15,4,2,11,19,,37,79,.468,14,32,.438,15,23,.652,10,47,28,6,8,15,18
18,18,2015-12-02,@,WAS,W,108,104,41,96,.427,8,25,.320,18,20,.900,16,45,17,18,3,16,22,,37,79,.468,7,21,.333,23,31,.742,8,41,24,11,2,23,15
19,19,2015-12-04,@,ATL,L,87,100,32,86,.372,13,27,.481,10,13,.769,15,42,19,10,7,16,14,,37,74,.500,10,26,.385,16,20,.800,9,43,24,11,9,17,11
20,20,2015-12-06,@,DET,L,91,111,32,80,.400,5,18,.278,22,29,.759,8,39,12,6,4,15,21,,41,93,.441,9,24,.375,20,26,.769,17,61,20,11,1,16,21
21,21,2015-12-07,@,TOR,L,93,102,34,83,.410,7,19,.368,18,20,.900,14,47,14,4,4,15,23,,34,74,.459,9,25,.360,25,32,.781,8,38,18,7,2,7,13
22,22,2015-12-09,@,MIN,L,122,123,48,93,.516,9,23,.391,17,27,.630,9,40,19,9,1,9,23,,46,93,.495,7,19,.368,24,31,.774,14,47,30,4,4,14,20
23,23,2015-12-11,@,SAS,L,87,109,36,88,.409,9,25,.360,6,10,.600,9,36,20,7,5,15,21,,44,82,.537,6,14,.429,15,25,.600,11,49,26,9,6,13,13
24,24,2015-12-12,@,HOU,L,97,126,35,88,.398,10,32,.313,17,20,.850,11,40,21,11,4,19,23,,47,90,.522,15,33,.455,17,28,.607,15,52,32,16,7,16,15
25,25,2015-12-15,,MIL,W,113,95,41,89,.461,10,27,.370,21,25,.840,18,52,26,7,3,14,18,,40,85,.471,4,13,.308,11,20,.550,12,38,23,7,7,11,20
26,26,2015-12-17,,HOU,L,87,107,36,84,.429,5,24,.208,10,18,.556,13,46,22,5,5,14,27,,34,88,.386,12,31,.387,27,42,.643,23,54,22,9,8,13,17
27,27,2015-12-19,@,OKC,L,78,118,30,86,.349,8,28,.286,10,17,.588,8,32,14,10,2,14,20,,46,84,.548,9,19,.474,17,25,.680,12,56,28,6,3,15,14
28,28,2015-12-22,@,DEN,W,111,107,40,84,.476,7,26,.269,24,32,.750,11,40,17,6,6,11,21,,41,90,.456,9,25,.360,16,19,.842,13,44,26,2,5,12,24
29,29,2015-12-23,,OKC,L,85,120,32,89,.360,7,25,.280,14,22,.636,12,35,19,6,5,10,18,,51,95,.537,5,19,.263,13,17,.765,19,61,23,7,13,15,17
30,30,2015-12-25,,LAC,L,84,94,32,77,.416,7,23,.304,13,25,.520,6,40,17,10,2,15,13,,38,85,.447,10,26,.385,8,11,.727,8,45,22,10,3,16,20
31,31,2015-12-27,@,MEM,L,96,112,32,84,.381,8,29,.276,24,32,.750,18,46,16,6,5,13,18,,45,80,.563,6,16,.375,16,22,.727,7,41,30,11,4,10,22
32,32,2015-12-28,@,CHO,L,98,108,35,85,.412,9,29,.310,19,23,.826,6,41,24,7,4,11,17,,43,89,.483,6,25,.240,16,22,.727,7,46,28,7,6,10,16
33,33,2015-12-30,@,BOS,W,112,104,43,94,.457,9,19,.474,17,23,.739,13,52,22,5,2,10,22,,38,88,.432,7,27,.259,21,25,.840,9,45,23,7,5,10,20
34,34,2016-01-01,,PHI,W,93,84,33,87,.379,5,16,.313,22,29,.759,13,50,17,11,6,10,17,,31,84,.369,4,24,.167,18,25,.720,13,50,21,6,10,16,21
35,35,2016-01-03,,PHO,W,97,77,38,84,.452,8,22,.364,13,17,.765,9,54,26,8,7,15,16,,32,89,.360,6,27,.222,7,9,.778,9,45,16,8,4,14,20
36,36,2016-01-05,,GSW,L,88,109,29,91,.319,5,21,.238,25,30,.833,15,52,15,7,4,12,16,,40,86,.465,13,31,.419,16,21,.762,10,54,26,9,9,10,17
37,37,2016-01-07,@,SAC,L,115,118,41,76,.539,8,24,.333,25,29,.862,6,33,20,10,4,18,26,,47,85,.553,6,21,.286,18,27,.667,10,37,32,8,6,15,20
38,38,2016-01-08,,OKC,L,113,117,40,84,.476,9,26,.346,24,25,.960,10,34,19,9,5,11,22,,45,89,.506,5,17,.294,22,26,.846,16,45,17,8,3,13,15
39,39,2016-01-10,,UTA,L,74,86,29,89,.326,3,21,.143,13,15,.867,16,41,15,9,4,11,22,,31,69,.449,5,16,.313,19,25,.760,6,45,16,8,8,14,18
40,40,2016-01-12,,NOP,W,95,91,32,87,.368,6,29,.207,25,32,.781,11,47,16,7,4,8,17,,38,91,.418,6,23,.261,9,14,.643,12,51,20,2,6,11,27
41,41,2016-01-14,@,GSW,L,98,116,40,90,.444,4,23,.174,14,24,.583,16,47,17,13,3,21,19,,43,86,.500,13,33,.394,17,20,.850,12,47,26,12,4,19,17
42,42,2016-01-16,@,UTA,L,82,109,31,90,.344,9,23,.391,11,18,.611,16,44,16,4,4,14,14,,41,83,.494,12,24,.500,15,18,.833,11,51,17,8,8,10,17
43,43,2016-01-17,,HOU,L,95,112,37,82,.451,6,19,.316,15,19,.789,3,36,25,8,7,14,16,,44,91,.484,6,21,.286,18,24,.750,11,51,21,10,5,13,19
44,44,2016-01-20,,SAC,L,93,112,32,90,.356,4,25,.160,25,31,.806,12,41,17,6,5,9,22,,43,89,.483,6,20,.300,20,28,.714,15,59,28,6,12,14,23
45,45,2016-01-22,,SAS,L,95,108,38,84,.452,6,16,.375,13,18,.722,12,45,19,3,5,11,12,,43,85,.506,11,21,.524,11,13,.846,7,35,26,10,13,6,14
46,46,2016-01-23,@,POR,L,103,121,34,69,.493,7,17,.412,28,32,.875,4,30,14,4,6,18,20,,47,93,.505,10,31,.323,17,22,.773,14,42,26,12,1,8,22
47,47,2016-01-26,,DAL,L,90,92,30,74,.405,7,25,.280,23,28,.821,8,47,15,4,7,12,25,,33,76,.434,6,25,.240,20,26,.769,5,35,21,5,1,6,20
48,48,2016-01-28,,CHI,L,91,114,32,85,.376,9,25,.360,18,23,.783,11,41,21,6,4,14,17,,47,95,.495,6,17,.353,14,16,.875,12,51,29,12,5,10,19
49,49,2016-01-29,@,LAC,L,93,105,34,78,.436,5,13,.385,20,25,.800,11,48,19,6,4,17,21,,40,81,.494,8,26,.308,17,24,.708,5,38,20,10,9,8,19
50,50,2016-01-31,,CHO,L,82,101,27,80,.338,8,29,.276,20,23,.870,4,42,13,6,8,15,20,,36,96,.375,13,36,.361,16,26,.615,14,59,28,8,8,10,16
51,51,2016-02-02,,MIN,W,119,115,40,80,.500,12,26,.462,27,35,.771,7,31,23,9,2,9,24,,46,80,.575,4,17,.235,19,25,.760,8,33,36,6,4,15,21
52,52,2016-02-04,@,NOP,W,99,96,39,81,.481,7,20,.350,14,20,.700,9,48,14,4,0,16,22,,39,85,.459,4,20,.200,14,26,.538,7,40,16,8,4,7,21
53,53,2016-02-06,@,SAS,L,102,106,34,86,.395,10,30,.333,24,27,.889,13,46,19,5,3,8,22,,39,88,.443,8,24,.333,20,25,.800,15,51,27,4,6,10,19
54,54,2016-02-08,@,IND,L,87,89,29,93,.312,8,35,.229,21,26,.808,14,51,13,10,2,12,24,,31,78,.397,4,27,.148,23,33,.697,8,53,13,8,5,16,21
55,55,2016-02-10,@,CLE,L,111,120,38,86,.442,13,28,.464,22,27,.815,11,44,16,5,3,11,19,,48,94,.511,13,31,.419,11,18,.611,13,46,26,6,1,6,20
56,56,2016-02-19,,SAS,L,113,119,40,81,.494,10,22,.455,23,26,.885,12,36,20,5,4,15,17,,48,88,.545,6,12,.500,17,18,.944,13,39,30,6,9,10,20
57,57,2016-02-21,@,CHI,L,115,126,43,93,.462,7,21,.333,22,33,.667,17,44,13,5,4,7,20,,44,79,.557,13,19,.684,25,26,.962,8,38,30,2,7,8,21
58,58,2016-02-22,@,MIL,L,101,108,28,76,.368,12,29,.414,33,43,.767,11,46,18,7,2,17,24,,44,86,.512,5,16,.313,15,25,.600,7,44,32,10,8,8,27
59,59,2016-02-24,@,MEM,L,119,128,39,88,.443,17,39,.436,24,33,.727,15,45,16,5,3,7,21,,48,85,.565,13,27,.481,19,29,.655,9,46,26,6,4,9,20
60,60,2016-02-26,,MEM,L,95,112,32,78,.410,5,23,.217,26,39,.667,11,38,14,9,3,7,14,,43,85,.506,13,32,.406,13,15,.867,10,47,24,6,7,13,26
61,61,2016-03-01,,BRK,W,107,101,41,83,.494,11,26,.423,14,21,.667,8,46,22,5,4,13,22,,39,89,.438,5,18,.278,18,27,.667,11,44,28,8,4,7,19
62,62,2016-03-02,@,DEN,L,107,117,35,79,.443,11,31,.355,26,32,.813,6,31,19,7,4,6,25,,38,78,.487,12,23,.522,29,38,.763,7,42,22,3,6,11,20
63,63,2016-03-04,,ATL,L,77,106,29,85,.341,5,27,.185,14,20,.700,17,46,19,5,1,10,16,,37,68,.544,13,28,.464,19,26,.731,3,39,31,6,8,10,18
64,64,2016-03-06,,GSW,W,112,95,41,87,.471,9,25,.360,21,22,.955,9,41,23,12,6,11,24,,37,92,.402,4,30,.133,17,21,.810,17,49,32,5,3,20,20
65,65,2016-03-08,,ORL,W,107,98,40,81,.494,9,27,.333,18,23,.783,10,45,21,7,2,15,22,,37,76,.487,5,19,.263,19,27,.704,4,35,19,5,4,10,24
66,66,2016-03-10,,CLE,L,108,120,42,80,.525,7,22,.318,17,21,.810,4,34,18,8,4,10,22,,45,85,.529,16,35,.457,14,20,.700,9,38,22,4,6,8,20
67,67,2016-03-13,,NYK,L,87,90,34,85,.400,3,16,.188,16,21,.762,10,45,14,6,2,9,20,,33,75,.440,5,21,.238,19,27,.704,5,45,19,5,6,10,16
68,68,2016-03-15,,SAC,L,98,106,37,84,.440,5,26,.192,19,26,.731,10,49,20,10,5,22,23,,38,79,.481,4,18,.222,26,33,.788,5,41,26,17,8,16,17
69,69,2016-03-18,,PHO,L,90,95,31,86,.360,6,23,.261,22,26,.846,12,50,21,4,6,12,21,,32,89,.360,8,30,.267,23,26,.885,17,57,19,5,6,11,21
70,70,2016-03-22,,MEM,W,107,100,39,77,.506,6,19,.316,23,24,.958,11,40,21,10,4,20,23,,40,80,.500,4,15,.267,16,23,.696,13,33,23,13,2,20,26
71,71,2016-03-23,@,PHO,L,107,119,39,93,.419,7,27,.259,22,26,.846,14,41,13,6,6,10,24,,47,93,.505,13,28,.464,12,20,.600,15,52,31,6,4,13,21
72,72,2016-03-25,,DEN,L,105,116,37,85,.435,10,23,.435,21,26,.808,7,43,23,6,3,11,19,,45,94,.479,10,26,.385,16,24,.667,13,48,31,5,7,9,22
73,73,2016-03-27,,WAS,L,88,101,33,87,.379,7,28,.250,15,17,.882,12,42,15,12,0,18,26,,39,72,.542,7,18,.389,16,29,.552,6,42,23,12,2,18,17
74,74,2016-03-28,@,UTA,L,75,123,26,85,.306,7,20,.350,16,22,.727,7,37,11,5,6,9,19,,46,89,.517,17,32,.531,14,19,.737,13,57,26,4,7,7,18
75,75,2016-03-30,,MIA,W,102,100,37,102,.363,6,20,.300,22,29,.759,19,49,14,9,5,9,21,,41,86,.477,3,17,.176,15,26,.577,14,55,26,6,13,17,23
76,76,2016-04-03,,BOS,L,100,107,37,90,.411,6,21,.286,20,29,.690,11,47,22,6,4,11,17,,41,91,.451,8,30,.267,17,22,.773,9,50,30,8,1,12,25
77,77,2016-04-05,@,LAC,L,81,103,26,83,.313,6,20,.300,23,25,.920,14,43,11,10,3,15,23,,40,78,.513,7,20,.350,16,26,.615,6,46,26,11,4,13,17
78,78,2016-04-06,,LAC,L,81,91,32,90,.356,4,19,.211,13,17,.765,16,49,12,6,1,12,16,,37,83,.446,7,25,.280,10,14,.714,10,49,23,10,6,10,17
79,79,2016-04-08,@,NOP,L,102,110,34,81,.420,11,24,.458,23,27,.852,10,34,18,9,5,13,23,,42,79,.532,10,22,.455,16,21,.762,9,43,29,5,4,16,20
80,80,2016-04-10,@,HOU,L,110,130,41,83,.494,12,28,.429,16,19,.842,7,40,25,10,3,18,15,,50,98,.510,17,41,.415,13,18,.722,16,48,30,11,5,13,15
81,81,2016-04-11,@,OKC,L,79,112,23,81,.284,7,31,.226,26,30,.867,10,48,15,8,1,15,20,,42,96,.438,12,37,.324,16,27,.593,13,57,27,8,11,11,20
82,82,2016-04-13,,UTA,W,101,96,41,85,.482,6,25,.240,13,15,.867,8,47,19,6,3,13,17,,39,83,.470,9,30,.300,9,15,.600,8,38,27,10,1,13,16
1,1,2014-10-28,,HOU,L,90,108,28,79,.354,3,10,.300,31,39,.795,11,36,16,7,3,11,32,,31,73,.425,12,29,.414,34,50,.680,14,47,22,7,3,13,30
2,2,2014-10-29,@,PHO,L,99,119,37,86,.430,4,13,.308,21,25,.840,12,38,20,9,3,13,18,,45,82,.549,16,32,.500,13,18,.722,9,40,23,5,3,14,25
3,3,2014-10-31,,LAC,L,111,118,42,82,.512,7,20,.350,20,28,.714,9,40,24,5,2,14,35,,34,71,.479,12,33,.364,38,44,.864,6,36,25,6,2,14,26
4,4,2014-11-01,@,GSW,L,104,127,41,88,.466,4,14,.286,18,25,.720,17,37,21,9,3,22,27,,46,83,.554,11,23,.478,24,28,.857,12,43,30,10,4,20,26
5,5,2014-11-04,,PHO,L,106,112,35,88,.398,6,16,.375,30,41,.732,18,49,16,7,8,12,25,,41,91,.451,6,18,.333,24,31,.774,13,52,28,6,7,13,29
6,6,2014-11-09,,CHO,W,107,92,42,82,.512,6,17,.353,17,22,.773,8,38,28,8,2,11,23,,35,79,.443,3,14,.214,19,27,.704,12,39,15,5,0,11,18
7,7,2014-11-11,@,MEM,L,102,107,41,87,.471,7,22,.318,13,17,.765,15,38,22,8,6,13,22,,41,78,.526,4,11,.364,21,26,.808,12,38,21,8,2,13,18
8,8,2014-11-12,@,NOP,L,102,109,35,84,.417,7,21,.333,25,32,.781,11,38,15,8,5,9,14,,45,82,.549,8,19,.421,11,18,.611,8,44,27,3,12,13,24
9,9,2014-11-14,,SAS,L,80,93,28,75,.373,2,12,.167,22,31,.710,11,46,17,6,5,13,13,,33,80,.413,10,23,.435,17,20,.850,7,44,28,9,2,10,23
10,10,2014-11-16,,GSW,L,115,136,39,99,.394,3,16,.188,34,43,.791,20,48,17,9,4,7,27,,46,86,.535,14,28,.500,30,34,.882,11,51,32,4,5,16,26
11,11,2014-11-18,@,ATL,W,114,109,47,87,.540,6,17,.353,14,22,.636,13,44,24,7,0,11,24,,41,85,.482,9,27,.333,18,23,.783,13,38,22,7,3,10,17
12,12,2014-11-19,@,HOU,W,98,92,37,91,.407,5,20,.250,19,23,.826,14,47,17,8,3,13,18,,30,74,.405,15,38,.395,17,23,.739,6,38,20,8,6,17,25
13,13,2014-11-21,@,DAL,L,106,140,44,85,.518,5,13,.385,13,21,.619,13,33,24,3,4,10,24,,51,82,.622,18,35,.514,20,28,.714,11,39,37,4,2,9,16
14,14,2014-11-23,,DEN,L,94,101,33,89,.371,3,24,.125,25,34,.735,9,50,15,10,6,13,28,,34,90,.378,10,37,.270,23,38,.605,14,57,20,7,2,16,28
15,15,2014-11-26,,MEM,L,93,99,33,81,.407,8,19,.421,19,24,.792,12,42,16,6,9,11,18,,36,80,.450,5,22,.227,22,25,.880,10,45,25,7,6,14,20
16,16,2014-11-28,,MIN,L,119,120,48,89,.539,8,21,.381,15,22,.682,12,35,27,12,1,14,22,,45,79,.570,10,18,.556,20,24,.833,6,31,37,8,1,18,20
17,17,2014-11-30,,TOR,W,129,122,47,96,.490,10,24,.417,25,34,.735,12,54,24,4,7,10,21,,45,104,.433,9,34,.265,23,31,.742,14,53,25,6,6,8,28
18,18,2014-12-02,@,DET,W,106,96,39,81,.481,10,17,.588,18,24,.750,12,47,25,9,6,14,26,,33,90,.367,6,21,.286,24,31,.774,16,49,20,6,5,14,16
19,19,2014-12-03,@,WAS,L,95,111,33,85,.388,12,29,.414,17,21,.810,9,43,16,8,6,13,20,,45,93,.484,6,19,.316,15,19,.789,12,53,33,6,3,11,15
20,20,2014-12-05,@,BOS,L,96,113,38,92,.413,6,16,.375,14,19,.737,7,38,14,2,4,12,18,,46,90,.511,8,20,.400,13,22,.591,10,54,29,6,2,16,19
21,21,2014-12-07,,NOP,L,87,104,36,90,.400,5,19,.263,10,15,.667,7,34,18,4,6,7,15,,43,83,.518,8,18,.444,10,15,.667,9,50,28,2,4,15,14
22,22,2014-12-09,,SAC,W,98,95,38,96,.396,5,25,.200,17,25,.680,14,45,27,9,6,5,23,,32,70,.457,7,15,.467,24,37,.649,9,48,20,3,3,16,25
23,23,2014-12-12,@,SAS,W,112,110,44,96,.458,12,24,.500,12,15,.800,14,49,27,11,4,14,19,,42,90,.467,12,31,.387,14,21,.667,12,47,23,10,5,19,16
24,24,2014-12-14,@,MIN,W,100,94,34,81,.420,5,17,.294,27,34,.794,11,45,22,10,5,11,17,,38,90,.422,3,10,.300,15,20,.750,14,46,25,6,3,14,21
25,25,2014-12-15,@,IND,L,91,110,29,88,.330,10,26,.385,23,29,.793,11,38,14,10,5,9,20,,40,83,.482,7,17,.412,23,27,.852,11,53,21,7,2,13,20
26,26,2014-12-19,,OKC,L,103,104,41,85,.482,10,25,.400,11,15,.733,5,43,28,3,5,10,21,,37,86,.430,8,21,.381,22,29,.759,11,42,21,5,8,7,16
27,27,2014-12-21,@,SAC,L,101,108,33,87,.379,10,26,.385,25,30,.833,18,47,14,8,2,16,29,,38,79,.481,7,23,.304,25,36,.694,10,44,15,8,7,14,25
28,28,2014-12-23,,GSW,W,115,105,46,89,.517,12,26,.462,11,17,.647,13,42,28,11,10,16,15,,39,84,.464,12,26,.462,15,17,.882,11,39,20,8,2,19,18
29,29,2014-12-25,@,CHI,L,93,113,36,92,.391,5,16,.313,16,21,.762,16,39,18,9,8,4,21,,42,86,.488,10,24,.417,19,25,.760,20,57,27,1,7,13,12
30,30,2014-12-26,@,DAL,L,98,102,36,99,.364,11,29,.379,15,20,.750,24,63,20,8,6,16,23,,42,83,.506,5,18,.278,13,24,.542,6,40,20,9,6,13,21
31,31,2014-12-28,,PHO,L,107,116,42,81,.519,12,20,.600,11,20,.550,4,35,22,8,6,17,19,,44,87,.506,9,22,.409,19,24,.792,8,45,24,12,5,12,15
32,32,2014-12-30,@,DEN,W,111,103,40,76,.526,14,25,.560,17,26,.654,4,42,31,6,4,18,20,,39,87,.448,8,26,.308,17,27,.630,11,39,25,13,7,11,24
33,33,2015-01-02,,MEM,L,106,109,43,81,.531,6,19,.316,14,19,.737,5,38,24,10,8,13,28,,41,84,.488,6,14,.429,21,31,.677,13,46,27,7,4,12,15
34,34,2015-01-04,,IND,W,88,87,27,71,.380,6,18,.333,28,30,.933,5,37,14,8,3,11,20,,33,90,.367,8,28,.286,13,18,.722,16,50,21,5,2,14,21
35,35,2015-01-05,@,POR,L,94,98,37,88,.420,4,14,.286,16,20,.800,11,49,20,5,0,10,20,,33,83,.398,11,26,.423,21,24,.875,10,45,18,7,4,9,12
36,36,2015-01-07,@,LAC,L,89,114,37,85,.435,5,20,.250,10,17,.588,9,46,21,3,1,12,20,,40,85,.471,12,33,.364,22,30,.733,8,42,29,9,5,6,16
37,37,2015-01-09,,ORL,W,101,84,36,90,.400,7,21,.333,22,31,.710,18,60,16,8,7,12,21,,30,76,.395,6,14,.429,18,23,.783,4,36,19,8,7,15,27
38,38,2015-01-11,,POR,L,94,106,36,81,.444,7,22,.318,15,19,.789,7,45,29,2,4,13,22,,41,86,.477,13,31,.419,11,17,.647,6,43,28,5,0,11,18
39,39,2015-01-13,,MIA,L,75,78,29,92,.315,4,23,.174,13,18,.722,13,46,20,10,3,12,14,,33,78,.423,2,16,.125,10,15,.667,9,52,23,7,11,18,16
40,40,2015-01-15,,CLE,L,102,109,39,76,.513,8,24,.333,16,23,.696,8,35,26,4,1,11,26,,37,78,.474,9,30,.300,26,36,.722,12,38,14,8,3,9,15
41,41,2015-01-16,@,UTA,L,85,94,31,65,.477,3,7,.429,20,27,.741,8,42,7,6,5,19,9,,36,85,.424,12,31,.387,10,10,1.000,12,38,24,11,7,12,21
42,42,2015-01-19,@,PHO,L,100,115,34,75,.453,8,17,.471,24,35,.686,13,46,24,9,3,23,20,,43,86,.500,13,32,.406,16,22,.727,10,41,23,16,7,15,22
43,43,2015-01-21,@,NOP,L,80,96,28,77,.364,6,20,.300,18,21,.857,10,41,16,12,4,16,21,,38,83,.458,3,16,.188,17,21,.810,10,45,21,8,5,15,12
44,44,2015-01-23,@,SAS,L,85,99,33,83,.398,5,13,.385,14,20,.700,8,40,18,4,4,8,21,,36,84,.429,7,24,.292,20,27,.741,12,52,19,5,4,10,16
45,45,2015-01-25,,HOU,L,87,99,34,79,.430,1,13,.077,18,25,.720,13,53,20,4,2,21,18,,35,87,.402,13,44,.295,16,21,.762,11,46,22,13,4,14,23
46,46,2015-01-27,,WAS,L,92,98,37,87,.425,5,20,.250,13,16,.813,8,38,17,9,4,11,19,,38,78,.487,4,16,.250,18,27,.667,9,51,19,8,2,16,18
47,47,2015-01-29,,CHI,W,123,118,50,106,.472,3,9,.333,20,25,.800,18,54,26,5,8,13,27,,43,104,.413,6,25,.240,26,32,.813,17,49,26,9,6,11,21
48,48,2015-02-01,@,NYK,L,80,92,27,76,.355,7,16,.438,19,23,.826,10,46,15,7,3,14,15,,37,84,.440,10,22,.455,8,13,.615,11,41,18,7,3,10,21
49,49,2015-02-04,@,MIL,L,105,113,39,93,.419,9,28,.321,18,25,.720,18,53,22,3,2,16,25,,41,82,.500,11,26,.423,20,22,.909,5,35,25,10,7,11,22
50,50,2015-02-06,@,ORL,L,97,103,39,97,.402,11,26,.423,8,13,.615,15,43,27,12,8,14,13,,43,83,.518,5,15,.333,12,14,.857,10,48,26,9,6,18,13
51,51,2015-02-08,@,CLE,L,105,120,41,100,.410,7,23,.304,16,19,.842,19,46,22,11,5,7,18,,45,82,.549,18,33,.545,12,20,.600,6,46,31,6,7,14,15
52,52,2015-02-10,,DEN,L,96,106,37,85,.435,6,18,.333,16,27,.593,14,43,23,3,2,10,24,,43,79,.544,4,16,.250,16,23,.696,4,35,25,9,8,7,22
53,53,2015-02-11,@,POR,L,86,102,34,93,.366,7,16,.438,11,11,1.000,14,48,17,4,5,10,23,,35,86,.407,10,30,.333,22,23,.957,15,52,27,5,5,10,11
54,54,2015-02-20,,BRK,L,105,114,41,89,.461,4,23,.174,19,29,.655,14,46,22,10,4,10,18,,42,89,.472,10,21,.476,20,24,.833,13,46,29,7,2,11,20
55,55,2015-02-22,,BOS,W,118,111,43,84,.512,7,18,.389,25,38,.658,6,46,22,8,4,17,27,,42,98,.429,8,33,.242,19,27,.704,13,48,27,9,5,16,31
56,56,2015-02-25,@,UTA,W,100,97,40,89,.449,2,11,.182,18,21,.857,14,42,17,12,8,9,25,,34,73,.466,7,12,.583,22,34,.647,13,47,18,3,5,20,19
57,57,2015-02-27,,MIL,W,101,93,40,85,.471,6,18,.333,15,22,.682,9,50,23,7,5,12,21,,34,87,.391,4,17,.235,21,29,.724,13,49,18,7,6,11,17
58,58,2015-03-01,,OKC,L,101,108,40,90,.444,9,25,.360,12,18,.667,9,49,25,6,6,9,20,,40,97,.412,11,32,.344,17,23,.739,16,55,21,5,6,9,16
59,59,2015-03-03,@,CHO,L,103,104,39,86,.453,6,17,.353,19,21,.905,6,41,24,6,4,11,21,,39,79,.494,5,13,.385,21,31,.677,5,42,30,10,5,11,17
60,60,2015-03-04,@,MIA,L,94,100,38,88,.432,7,18,.389,11,17,.647,7,42,23,11,1,14,26,,32,79,.405,3,16,.188,33,43,.767,13,55,16,8,7,15,15
61,61,2015-03-06,@,MEM,L,90,97,39,84,.464,5,12,.417,7,9,.778,5,44,22,6,9,9,26,,34,77,.442,1,11,.091,28,33,.848,7,42,18,7,1,8,12
62,62,2015-03-08,,DAL,L,93,100,38,82,.463,2,14,.143,15,21,.714,15,47,23,5,5,16,24,,38,78,.487,9,26,.346,15,22,.682,6,33,21,10,7,7,20
63,63,2015-03-10,,DET,W,93,85,32,75,.427,3,13,.231,26,30,.867,10,46,23,8,1,11,17,,32,84,.381,8,35,.229,13,19,.684,12,42,20,10,8,12,23
64,64,2015-03-12,,NYK,L,94,101,38,90,.422,5,18,.278,13,21,.619,15,51,18,6,4,13,26,,36,77,.468,9,18,.500,20,26,.769,4,33,27,5,9,8,19
65,65,2015-03-15,,ATL,L,86,91,34,85,.400,7,18,.389,11,15,.733,19,54,21,6,4,21,22,,34,76,.447,5,23,.217,18,27,.667,7,34,25,9,6,10,14
66,66,2015-03-16,@,GSW,L,105,108,39,85,.459,8,15,.533,19,21,.905,10,45,24,11,5,18,19,,40,84,.476,7,27,.259,21,23,.913,7,37,28,16,7,14,21
67,67,2015-03-19,,UTA,L,73,80,31,77,.403,3,11,.273,8,17,.471,9,43,20,9,3,14,22,,25,62,.403,9,25,.360,21,31,.677,2,36,19,11,8,14,17
68,68,2015-03-22,,PHI,W,101,87,39,81,.481,5,14,.357,18,22,.818,13,52,21,4,9,13,21,,32,89,.360,9,27,.333,14,21,.667,13,39,22,4,6,8,21
69,69,2015-03-24,@,OKC,L,117,127,44,85,.518,9,19,.474,20,27,.741,8,28,22,10,7,10,17,,48,86,.558,11,21,.524,20,23,.870,13,49,29,7,2,16,20
70,70,2015-03-25,@,MIN,W,101,99,39,92,.424,6,26,.231,17,18,.944,14,48,21,8,4,16,23,,33,78,.423,6,22,.273,27,30,.900,9,40,14,8,5,17,16
71,71,2015-03-27,@,TOR,L,83,94,29,84,.345,4,17,.235,21,29,.724,16,46,14,6,2,12,19,,36,75,.480,7,18,.389,15,21,.714,8,40,25,8,4,10,19
72,72,2015-03-29,@,BRK,L,99,107,42,91,.462,6,18,.333,9,11,.818,9,43,25,7,4,11,14,,42,87,.483,8,28,.286,15,21,.714,6,43,29,11,6,8,9
73,73,2015-03-30,@,PHI,W,113,111,40,82,.488,10,21,.476,23,30,.767,12,45,27,7,10,17,26,,39,96,.406,10,30,.333,23,38,.605,20,51,27,11,1,15,24
74,74,2015-04-01,,NOP,L,92,113,37,83,.446,5,16,.313,13,21,.619,12,35,22,4,2,5,17,,44,78,.564,9,16,.563,16,21,.762,9,40,31,3,7,6,18
75,75,2015-04-03,,POR,L,77,107,31,82,.378,5,14,.357,10,17,.588,6,43,13,4,6,11,10,,43,88,.489,10,26,.385,11,11,1.000,6,53,21,7,6,8,14
76,76,2015-04-05,,LAC,L,78,106,29,75,.387,7,17,.412,13,22,.591,14,41,17,3,3,17,18,,40,75,.533,15,27,.556,11,18,.611,7,40,27,10,1,10,20
77,77,2015-04-07,@,LAC,L,100,105,35,84,.417,9,25,.360,21,27,.778,8,43,24,2,1,11,25,,39,81,.481,7,24,.292,20,30,.667,6,46,25,6,6,8,22
78,78,2015-04-08,@,DEN,L,101,119,36,75,.480,5,16,.313,24,35,.686,9,39,15,7,2,14,20,,44,88,.500,13,30,.433,18,24,.750,11,45,26,7,6,9,22
79,79,2015-04-10,,MIN,W,106,98,41,83,.494,9,23,.391,15,24,.625,14,46,35,6,2,12,22,,32,74,.432,3,15,.200,31,34,.912,9,39,17,7,3,12,20
80,80,2015-04-12,,DAL,L,106,120,34,78,.436,9,24,.375,29,36,.806,6,37,20,4,4,12,20,,45,83,.542,10,21,.476,20,26,.769,7,42,31,7,9,12,20
81,81,2015-04-13,@,SAC,L,92,102,40,96,.417,4,15,.267,8,13,.615,17,49,19,8,3,11,26,,35,72,.486,4,16,.250,28,36,.778,5,41,22,4,6,10,14
82,82,2015-04-15,,SAC,L,99,122,36,94,.383,7,24,.292,20,25,.800,16,46,22,6,8,14,28,,46,84,.548,8,17,.471,22,41,.537,6,42,30,10,4,10,16
1,1,2013-10-29,,LAC,W,116,103,42,93,.452,14,29,.483,18,28,.643,18,52,23,8,6,19,23,,41,83,.494,8,21,.381,13,23,.565,10,40,27,11,4,16,21
2,2,2013-10-30,@,GSW,L,94,125,35,89,.393,8,18,.444,16,21,.762,9,39,19,5,4,16,22,,46,86,.535,15,27,.556,18,23,.783,7,48,34,8,9,15,22
3,3,2013-11-01,,SAS,L,85,91,30,82,.366,8,27,.296,17,24,.708,8,46,22,4,7,12,19,,38,94,.404,5,21,.238,10,14,.714,12,50,20,7,0,12,18
4,4,2013-11-03,,ATL,W,105,103,38,89,.427,9,25,.360,20,24,.833,6,53,27,5,7,13,24,,40,90,.444,9,22,.409,14,26,.538,10,52,26,9,3,11,22
5,5,2013-11-05,@,DAL,L,104,123,39,88,.443,12,31,.387,14,20,.700,9,35,21,9,4,14,12,,49,94,.521,13,27,.481,12,14,.857,10,50,34,10,3,12,14
6,6,2013-11-07,@,HOU,W,99,98,36,92,.391,16,35,.457,11,15,.733,13,47,26,8,6,24,36,,29,77,.377,7,27,.259,33,52,.635,8,44,17,12,7,17,17
7,7,2013-11-08,@,NOP,L,85,96,31,80,.388,6,19,.316,17,26,.654,12,48,19,2,4,14,18,,38,87,.437,3,9,.333,17,22,.773,11,50,25,10,8,8,22
8,8,2013-11-10,,MIN,L,90,113,35,92,.380,10,26,.385,10,18,.556,16,46,24,8,8,18,16,,44,90,.489,10,20,.500,15,19,.789,12,53,29,14,5,21,15
9,9,2013-11-12,,NOP,W,116,95,44,79,.557,11,20,.550,17,21,.810,9,53,33,7,4,19,31,,34,84,.405,3,10,.300,24,33,.727,9,31,23,11,3,13,20
10,10,2013-11-13,@,DEN,L,99,111,37,94,.394,8,21,.381,17,26,.654,19,51,20,4,9,14,27,,40,100,.400,6,21,.286,25,37,.676,23,58,23,11,8,8,20
11,11,2013-11-15,,MEM,L,86,89,35,80,.438,10,24,.417,6,11,.545,4,40,25,6,8,11,17,,37,85,.435,1,13,.077,14,14,1.000,10,51,27,7,5,9,13
12,12,2013-11-17,,DET,W,114,99,47,90,.522,10,25,.400,10,10,1.000,8,38,33,11,5,13,20,,42,87,.483,8,23,.348,7,17,.412,12,39,24,7,3,14,10
13,13,2013-11-22,,GSW,W,102,95,39,82,.476,11,24,.458,13,17,.765,7,36,21,10,4,14,22,,34,82,.415,9,22,.409,18,28,.643,16,50,23,8,2,18,20
14,14,2013-11-24,,SAC,W,100,86,40,87,.460,8,26,.308,12,15,.800,9,44,20,8,9,10,17,,35,84,.417,8,24,.333,8,15,.533,7,42,24,6,3,13,17
15,15,2013-11-26,@,WAS,L,111,116,44,83,.530,13,28,.464,10,13,.769,9,34,30,4,5,16,19,,46,87,.529,6,21,.286,18,22,.818,10,42,25,15,2,10,14
16,16,2013-11-27,@,BRK,W,99,94,34,85,.400,13,30,.433,18,22,.818,11,48,21,5,7,10,24,,31,83,.373,11,30,.367,21,26,.808,11,44,21,6,10,12,23
17,17,2013-11-29,@,DET,W,106,102,36,80,.450,14,31,.452,20,30,.667,11,44,24,11,8,17,21,,44,100,.440,1,8,.125,13,25,.520,22,55,25,10,3,13,22
18,18,2013-12-01,,POR,L,108,114,40,87,.460,10,28,.357,18,23,.783,9,41,25,8,7,9,21,,38,87,.437,9,23,.391,29,34,.853,15,52,28,6,1,12,19
19,19,2013-12-06,@,SAC,W,106,100,41,86,.477,12,32,.375,12,18,.667,10,36,24,10,7,12,20,,37,86,.430,10,22,.455,16,22,.727,18,51,25,10,4,15,19
20,20,2013-12-08,,TOR,L,94,106,34,79,.430,9,28,.321,17,20,.850,8,40,22,7,3,19,23,,40,82,.488,4,26,.154,22,25,.880,6,38,19,11,4,11,18
21,21,2013-12-10,,PHO,L,108,114,39,80,.488,5,19,.263,25,32,.781,7,33,22,7,3,11,20,,44,85,.518,7,23,.304,19,21,.905,10,43,24,6,3,13,22
22,22,2013-12-13,@,OKC,L,97,122,36,87,.414,7,25,.280,18,31,.581,15,41,26,7,4,19,17,,47,99,.475,8,25,.320,20,23,.870,20,59,34,14,8,14,25
23,23,2013-12-14,@,CHA,W,88,85,30,77,.390,7,20,.350,21,23,.913,8,40,19,4,8,15,11,,39,89,.438,2,13,.154,5,8,.625,12,46,22,10,9,13,16
24,24,2013-12-16,@,ATL,L,100,114,39,82,.476,5,21,.238,17,21,.810,12,43,18,6,4,14,16,,45,92,.489,11,27,.407,13,15,.867,15,44,34,10,6,10,18
25,25,2013-12-17,@,MEM,W,96,92,37,75,.493,7,22,.318,15,19,.789,4,37,16,8,10,14,18,,37,91,.407,5,16,.313,13,17,.765,18,49,20,10,2,14,18
26,26,2013-12-20,,MIN,W,104,91,42,78,.538,7,19,.368,13,15,.867,7,43,27,7,9,19,19,,33,95,.347,5,22,.227,20,25,.800,22,49,21,10,2,16,16
27,27,2013-12-21,@,GSW,L,83,102,26,80,.325,4,20,.200,27,33,.818,12,50,11,8,5,24,18,,38,98,.388,12,31,.387,14,19,.737,16,55,19,14,5,16,24
28,28,2013-12-23,@,PHO,L,90,117,30,81,.370,6,20,.300,24,37,.649,8,39,12,5,3,11,19,,42,90,.467,14,32,.438,19,25,.760,13,62,24,5,7,15,22
29,29,2013-12-25,,MIA,L,95,101,33,79,.418,14,36,.389,15,26,.577,12,47,15,8,4,17,19,,41,80,.513,9,27,.333,10,17,.588,7,43,29,9,2,12,20
30,30,2013-12-27,@,UTA,L,103,105,40,80,.500,7,23,.304,16,23,.696,8,37,16,8,4,14,19,,40,88,.455,9,23,.391,16,20,.800,11,43,25,9,3,15,18
31,31,2013-12-29,,PHI,L,104,111,31,84,.369,12,37,.324,30,34,.882,18,55,20,4,8,20,20,,39,95,.411,6,24,.250,27,33,.818,17,49,24,13,6,10,24
32,32,2013-12-31,,MIL,L,79,94,29,81,.358,7,24,.292,14,18,.778,9,39,18,2,10,13,20,,40,91,.440,6,23,.261,8,14,.571,16,51,17,10,4,7,16
33,33,2014-01-03,,UTA,W,110,99,42,81,.519,10,24,.417,16,21,.762,10,46,33,4,6,10,25,,38,86,.442,8,26,.308,15,23,.652,12,41,28,5,3,10,20
34,34,2014-01-05,,DEN,L,115,137,42,89,.472,3,21,.143,28,36,.778,9,38,26,8,5,15,18,,53,99,.535,12,29,.414,19,24,.792,17,58,32,12,8,15,25
35,35,2014-01-07,@,DAL,L,97,110,34,81,.420,11,31,.355,18,26,.692,11,46,21,6,3,19,16,,48,90,.533,5,17,.294,9,15,.600,6,40,32,17,3,12,17
36,36,2014-01-08,@,HOU,L,99,113,36,88,.409,7,24,.292,20,25,.800,14,47,20,7,7,18,32,,39,86,.453,7,28,.250,28,50,.560,16,52,18,12,3,9,19
37,37,2014-01-10,@,LAC,L,87,123,29,84,.345,4,16,.250,25,28,.893,11,47,18,2,1,21,26,,45,92,.489,7,23,.304,26,35,.743,13,56,24,16,13,8,23
38,38,2014-01-14,,CLE,L,118,120,44,84,.524,13,34,.382,17,23,.739,6,35,35,4,6,12,21,,41,88,.466,13,17,.765,25,32,.781,16,48,27,8,2,8,22
39,39,2014-01-15,@,PHO,L,114,121,43,91,.473,6,20,.300,22,24,.917,8,43,26,5,7,17,22,,49,100,.490,4,19,.211,19,25,.760,16,53,23,12,6,17,21
40,40,2014-01-17,@,BOS,W,107,104,37,74,.500,12,20,.600,21,28,.750,8,46,27,3,4,19,13,,44,99,.444,7,23,.304,9,11,.818,13,42,34,12,6,7,19
41,41,2014-01-19,@,TOR,W,112,106,37,80,.463,12,22,.545,26,28,.929,6,31,20,6,2,9,13,,44,90,.489,9,30,.300,9,11,.818,13,47,30,6,4,13,21
42,42,2014-01-20,@,CHI,L,100,102,35,83,.422,8,25,.320,22,26,.846,9,47,22,11,9,21,20,,39,102,.382,7,21,.333,17,24,.708,19,55,26,13,5,15,18
43,43,2014-01-23,@,MIA,L,102,109,40,88,.455,9,25,.360,13,21,.619,13,35,21,12,1,11,17,,45,78,.577,8,20,.400,11,23,.478,12,48,25,7,4,18,23
44,44,2014-01-24,@,ORL,L,105,114,41,90,.456,12,22,.545,11,17,.647,7,40,28,6,5,11,20,,39,81,.481,9,17,.529,27,34,.794,8,51,24,10,3,15,20
45,45,2014-01-26,@,NYK,L,103,110,39,75,.520,11,23,.478,14,18,.778,5,35,16,6,3,11,20,,43,90,.478,11,26,.423,13,18,.722,16,45,21,4,6,11,19
46,46,2014-01-28,,IND,L,92,104,37,94,.394,5,24,.208,13,16,.813,7,50,24,3,4,9,18,,42,99,.424,5,21,.238,15,27,.556,17,63,23,7,2,4,16
47,47,2014-01-31,,CHA,L,100,110,36,93,.387,6,26,.231,22,27,.815,9,41,23,5,3,8,23,,46,88,.523,2,11,.182,16,22,.727,7,49,28,7,2,9,20
48,48,2014-02-04,@,MIN,L,99,109,33,79,.418,10,21,.476,23,26,.885,7,38,25,8,4,16,25,,37,83,.446,8,17,.471,27,38,.711,11,53,28,8,5,13,19
49,49,2014-02-05,@,CLE,W,119,108,42,79,.532,18,37,.486,17,22,.773,6,40,35,7,3,13,25,,38,101,.376,5,33,.152,27,37,.730,27,57,24,10,1,11,22
50,50,2014-02-07,@,PHI,W,112,98,45,89,.506,8,18,.444,14,20,.700,7,40,34,14,9,14,15,,37,87,.425,15,32,.469,9,17,.529,12,50,23,8,2,22,18
51,51,2014-02-09,,CHI,L,86,92,36,82,.439,6,19,.316,8,11,.727,7,43,26,7,5,18,15,,34,80,.425,7,22,.318,17,17,1.000,8,43,21,13,6,14,16
52,52,2014-02-11,,UTA,L,79,96,33,85,.388,4,16,.250,9,13,.692,10,40,21,6,7,11,15,,37,85,.435,6,17,.353,16,25,.640,15,55,23,10,6,11,14
53,53,2014-02-13,,OKC,L,103,107,40,83,.482,10,28,.357,13,22,.591,7,42,29,6,4,22,18,,39,88,.443,8,28,.286,21,24,.875,9,44,23,14,8,14,23
54,54,2014-02-19,,HOU,L,108,134,41,84,.488,14,27,.519,12,15,.800,3,32,29,10,5,19,19,,52,104,.500,18,35,.514,12,25,.480,19,56,28,15,6,14,15
55,55,2014-02-21,,BOS,W,101,92,40,83,.482,7,22,.318,14,19,.737,9,46,23,7,7,18,19,,38,97,.392,4,22,.182,12,17,.706,16,47,23,11,1,14,19
56,56,2014-02-23,,BRK,L,102,108,39,76,.513,7,17,.412,17,26,.654,10,37,17,11,5,17,24,,36,76,.474,12,25,.480,24,32,.750,12,41,28,13,2,18,20
57,57,2014-02-25,@,IND,L,98,118,39,90,.433,8,23,.348,12,20,.600,10,42,22,11,12,16,23,,47,101,.465,5,16,.313,19,25,.760,21,62,25,11,10,17,21
58,58,2014-02-26,@,MEM,L,103,108,38,77,.494,15,28,.536,12,18,.667,5,34,24,5,10,15,15,,45,92,.489,4,13,.308,14,21,.667,13,45,28,8,5,12,18
59,59,2014-02-28,,SAC,W,126,122,48,80,.600,19,27,.704,11,16,.688,2,31,35,5,11,17,25,,47,93,.505,5,15,.333,23,32,.719,15,44,29,11,3,11,16
60,60,2014-03-03,@,POR,W,107,106,43,94,.457,8,18,.444,13,15,.867,12,44,29,12,5,16,19,,43,96,.448,9,29,.310,11,19,.579,20,53,22,8,5,20,13
61,61,2014-03-04,,NOP,L,125,132,46,85,.541,10,22,.455,23,31,.742,11,30,29,9,5,14,26,,46,77,.597,7,17,.412,33,40,.825,9,39,29,9,2,15,23
62,62,2014-03-06,,LAC,L,94,142,34,86,.395,8,30,.267,18,26,.692,4,33,26,9,2,22,16,,57,103,.553,12,26,.462,16,22,.727,16,64,34,16,5,17,21
63,63,2014-03-07,@,DEN,L,126,134,45,97,.464,12,27,.444,24,30,.800,12,47,30,8,6,14,21,,54,99,.545,14,24,.583,12,21,.571,7,43,36,8,4,12,24
64,64,2014-03-09,,OKC,W,114,110,38,81,.469,13,31,.419,25,30,.833,1,36,31,7,6,15,16,,42,100,.420,12,35,.343,14,21,.667,19,59,26,11,2,16,30
65,65,2014-03-13,@,OKC,L,102,131,37,94,.394,13,27,.481,15,25,.600,12,37,23,7,5,14,19,,45,89,.506,13,30,.433,28,30,.933,13,60,24,10,11,17,27
66,66,2014-03-14,@,SAS,L,85,119,31,91,.341,4,21,.190,19,25,.760,8,37,23,9,7,9,15,,48,98,.490,13,27,.481,10,13,.769,18,64,36,7,8,15,19
67,67,2014-03-19,,SAS,L,109,125,39,91,.429,9,26,.346,22,29,.759,12,46,19,10,6,12,19,,50,95,.526,12,27,.444,13,16,.813,9,52,34,9,6,12,21
68,68,2014-03-21,,WAS,L,107,117,43,91,.473,7,19,.368,14,23,.609,11,44,32,12,5,21,22,,42,87,.483,10,25,.400,23,29,.793,9,44,21,9,7,19,22
69,69,2014-03-23,,ORL,W,103,94,37,80,.463,6,16,.375,23,29,.793,7,34,20,9,4,14,16,,37,82,.451,6,19,.316,14,17,.824,13,46,26,5,3,18,24
70,70,2014-03-25,,NYK,W,127,96,48,83,.578,18,28,.643,13,15,.867,8,38,32,10,2,16,23,,36,74,.486,4,15,.267,20,27,.741,8,32,23,9,4,15,16
71,71,2014-03-27,@,MIL,L,105,108,42,85,.494,7,21,.333,14,18,.778,13,38,23,10,1,20,24,,39,70,.557,6,10,.600,24,34,.706,9,33,15,9,8,18,21
72,72,2014-03-28,@,MIN,L,107,143,44,102,.431,7,25,.280,12,15,.800,14,26,22,15,2,8,30,,51,76,.671,8,18,.444,33,40,.825,9,49,33,6,2,21,14
73,73,2014-03-30,,PHO,W,115,99,44,83,.530,5,18,.278,22,24,.917,5,42,29,10,5,13,21,,35,91,.385,8,36,.222,21,28,.750,13,48,20,9,2,13,20
74,74,2014-04-01,,POR,L,112,124,41,92,.446,11,25,.440,19,22,.864,9,45,31,7,10,11,16,,46,99,.465,13,29,.448,19,21,.905,11,50,32,10,5,10,18
75,75,2014-04-02,@,SAC,L,102,107,37,96,.385,12,28,.429,16,20,.800,14,52,26,7,6,10,21,,42,86,.488,5,15,.333,18,27,.667,8,47,16,8,4,8,18
76,76,2014-04-04,,DAL,L,95,107,35,83,.422,7,28,.250,18,24,.750,10,38,26,10,5,15,14,,44,92,.478,5,21,.238,14,15,.933,15,52,28,8,4,16,17
77,77,2014-04-06,@,LAC,L,97,120,36,86,.419,7,31,.226,18,23,.783,8,38,26,9,0,14,19,,47,83,.566,10,19,.526,16,26,.615,8,52,28,12,5,16,17
78,78,2014-04-08,,HOU,L,130,145,44,95,.463,14,32,.438,28,35,.800,5,33,38,8,7,11,20,,56,97,.577,11,26,.423,22,28,.786,12,58,33,8,9,14,22
79,79,2014-04-11,,GSW,L,95,112,35,89,.393,9,28,.321,16,20,.800,8,42,23,10,2,15,12,,45,92,.489,13,25,.520,9,13,.692,12,57,27,12,5,17,17
80,80,2014-04-13,,MEM,L,90,102,35,80,.438,11,27,.407,9,11,.818,5,32,29,9,5,15,15,,42,88,.477,8,15,.533,10,13,.769,16,52,29,10,7,17,12
81,81,2014-04-14,@,UTA,W,119,104,45,82,.549,10,24,.417,19,22,.864,9,36,31,11,6,13,16,,42,81,.519,6,19,.316,14,20,.700,9,37,25,5,4,18,16
82,82,2014-04-16,@,SAS,W,113,100,45,91,.495,11,27,.407,12,17,.706,6,50,29,4,2,9,17,,41,99,.414,10,30,.333,8,10,.800,10,49,25,3,6,9,19